target_name,s_ra,s_dec,n_nirps_products,n_harps_products,n_nirps_epochs,n_harps_epochs,nirps_first_mjd,nirps_last_mjd,harps_first_mjd,harps_last_mjd,pair_1h,pair_6h,pair_1d,pair_3d,pair_7d,query_error
108 Vir,221.37432,0.71997,15,11,15,11,60896.01111123,61162.22429564,58653.07300826,61162.22496582,6,6,6,6,6,
1191074832968581760,236.315738,13.50966,1,1,1,1,60800.24088447,60800.24088447,60800.24074616,60800.24074616,1,1,1,1,1,
1739379433242806144,321.939677,7.29507,1,0,1,0,60786.39252731,60786.39252731,,,0,0,0,0,0,
1787984409900989824,318.0484115,17.5518,14,3,14,3,60799.40735815,61231.27810544,60872.27678604,60998.00272468,3,3,3,3,3,
2955804675022081792,77.046861,-27.52753,1,1,1,1,60613.33231196,60613.33231196,60613.3320725,60613.3320725,1,1,1,1,1,
2MASS 08234331-0511218,125.930825,-5.18763,10,0,10,0,60729.07464049,60730.23951777,,,0,0,0,0,0,
2MASS 14030609-0128489,210.7745395,-1.47983,6,0,6,0,60729.23035814,60730.35253338,,,0,0,0,0,0,
2MASS J07074308-2742463,106.930798,-27.71111,5,0,5,0,60756.01006486,60756.03560886,,,0,0,0,0,0,
2MASS J09221688-0852105,140.571998,-8.869975,4,0,4,0,60797.0306828,60797.05429162,,,0,0,0,0,0,
2MASS J09332625-4353366,143.356297,-43.89134,3,0,3,0,60755.09544386,60755.11195713,,,0,0,0,0,0,
2MASS J09584191-5344477,149.679064,-53.74812,5,0,5,0,61185.98599572,61186.01437798,,,0,0,0,0,0,
2MASS J10313234-5338010,157.880554,-53.6323,7,0,7,0,61186.03618249,61190.05670876,,,0,0,0,0,0,
2MASS J10350614+1907059,158.773233,19.11623,6,0,6,0,60729.14720923,60730.29692874,,,0,0,0,0,0,
2MASS J10352029-2058382,158.832267,-20.974545,4,0,4,0,60755.14601699,60755.16730363,,,0,0,0,0,0,
2MASS J10433395-4437206,160.890622,-44.62008,2,0,2,0,60729.17746303,60729.18855787,,,0,0,0,0,0,
2MASS J11231964-0509045,170.83014550000001,-5.14999,4,0,4,0,60797.06622557,60797.08925384,,,0,0,0,0,0,
2MASS J11243908-4213114,171.15823,-42.21935,5,0,5,0,61202.99562244,61203.02400462,,,0,0,0,0,0,
2MASS J11423454+2057553,175.6397935,20.96142,6,0,6,0,60729.20487828,60730.2653847,,,0,0,0,0,0,
2MASS J11472212-5424398,159.8265275,-41.17624,10,0,10,0,61180.01369579,61187.04923549,,,0,0,0,0,0,
2MASS J16334908-6808480,248.448152,-68.14981499999999,2,0,2,0,60755.29902694,60755.30786411,,,0,0,0,0,0,
2MASS J16541588-3818593,253.56494700000002,-38.31923,6,0,6,0,61188.25417795,61189.18214865,,,0,0,0,0,0,
2MASS J17082971-5131529,257.124388,-51.5332,5,0,5,0,60729.33640642,60730.37904651,,,0,0,0,0,0,
2MASS J17364180-3425459,264.1726715,-34.42898,4,0,4,0,60755.40010939,60755.41094624,,,0,0,0,0,0,
2MASS J17442494-5834151,266.101274,-58.57134,1,0,1,0,61202.25487914,61202.25487914,,,0,0,0,0,0,
2MASS J17574638-4419177,269.44261400000005,-44.32286,2,0,2,0,60755.38353099,60755.38946545,,,0,0,0,0,0,
2MASS J18525777-5708141,283.237784,-57.14267,5,0,5,0,61216.1308759,61216.15925812,,,0,0,0,0,0,
2MASS J18545092-5704417,283.703993,-57.080955,4,0,4,0,60797.28529096,60797.30889977,,,0,0,0,0,0,
2MASS J19212977-2915507,290.377607,-29.26018,4,0,4,0,60797.36476297,60797.3817923,,,0,0,0,0,0,
2MASSI J1424187-351432,216.0779495,-35.24297,4,0,4,0,60797.14124724,60797.16485607,,,0,0,0,0,0,
3097269490318754176,125.346095,7.8168,1,1,1,1,60616.36286874,60616.36286874,60616.36286375,60616.36286375,1,1,1,1,1,
3198650544073202688,69.022087,-6.3831,3,2,3,2,60586.28050867,60654.31048466,60586.28026003,60586.31095618,2,2,2,2,2,
3472253945241732736,188.559618,-27.62855,1,1,1,1,60799.07250556,60799.07250556,60799.07239355,60799.07239355,1,1,1,1,1,
4188152322648398592,291.604489,-10.76071,15,3,15,3,60798.3719435,61226.21736694,60799.33974766,60914.0784454,3,3,3,3,3,
4188996885011268608,299.348469,-12.56627,1,1,1,1,60827.41063205,60827.41063205,60827.41046946,60827.41046946,1,1,1,1,1,
4224582166524567040,310.4731925,-3.43243,14,6,14,6,60800.37125529,61228.22864997,60800.37109637,60930.0812828,6,6,6,6,6,
4694084076943966080,31.35368,-69.24847,3,1,3,1,60829.39335863,60931.28025748,60931.28000638,60931.28000638,1,1,1,1,1,
4702845638429469056,10.122206,-68.49084500000001,2,0,2,0,61228.4006894,61228.40952658,,,0,0,0,0,0,
4764340705296117120,76.273361,-56.55658,3,3,3,3,60797.96004571,60879.39565329,60797.95990673,60879.39559519,3,3,3,3,3,
4767186928583729792,88.304508,-56.26581,1,1,1,1,60613.32257134,60613.32257134,60613.3224781,60613.3224781,1,1,1,1,1,
4842246017566495232,59.697159,-42.03108,1,1,1,1,60616.25533417,60616.25533417,60616.25535823,60616.25535823,1,1,1,1,1,
4846381143359598592,50.802154,-45.7003,19,9,19,9,60616.20056775,61228.421783,60616.20038642,61106.00910144,9,9,9,9,9,
4847265734823582848,50.165933499999994,-44.626665,4,0,4,0,61233.39069212,61233.42223507,,,0,0,0,0,0,
4863699860246818304,54.864824,-31.40387,1,1,1,1,60616.24101368,60616.24101368,60616.24084665,60616.24084665,1,1,1,1,1,
4976018031041457664,10.059462,-47.1386,1,0,1,0,60914.37440114,60914.37440114,,,0,0,0,0,0,
4983571882081864960,18.239951,-43.44059,1,1,1,1,60586.23799802,60586.23799802,60586.23799437,60586.23799437,1,1,1,1,1,
5052449001298518528,43.591915,-31.79534,1,1,1,1,60616.21488823,60616.21488823,60616.2148444,60616.2148444,1,1,1,1,1,
5085864568417061120,52.776104,-24.69655,1,1,1,1,60587.38205503,60587.38205503,60587.38185938,60587.38185938,1,1,1,1,1,
5148853253106611200,29.553681,-14.87889,15,5,15,5,60587.29296676,61231.36603116,60635.12946045,60915.34719875,5,5,5,5,5,
5271515801094390912,130.01588,-68.53375,1,1,1,1,60621.32045113,60621.32045113,60621.32033831,60621.32033831,1,1,1,1,1,
5284372837240905344,93.466866,-65.5146,17,13,17,13,60613.34166564,61154.97434103,60637.33043092,61154.974351,12,12,12,12,12,
5329058707789307648,131.053176,-48.23456,11,9,11,9,60587.36644416,60765.22518626,60587.36624844,60842.99812177,7,7,7,7,7,
5375875638010549376,172.867299,-44.625755,2,0,2,0,61232.96731966,61232.97744694,,,0,0,0,0,0,
5391312403307270784,160.640472,-42.68017,1,1,1,1,60621.36392906,60621.36392906,60621.3637994,60621.3637994,1,1,1,1,1,
5486916932205092352,107.4091305,-57.060590000000005,2,2,2,2,60613.34811662,60654.28706773,60613.34796864,60654.28682841,2,2,2,2,2,
5519057787396445824,120.0149025,-46.029145,2,2,2,2,60621.31193617,60654.29964724,60621.31187267,60654.29956014,2,2,2,2,2,
5533714311754660864,122.584651,-40.94892,9,6,9,6,60616.33764535,60765.20667264,60616.33761802,60984.33420799,4,4,4,4,4,
5565711440145909504,104.7136975,-38.6205,2,0,2,0,61184.97183371,61184.98041288,,,0,0,0,0,0,
5618776310850226432,112.441238,-22.43155,3,0,3,0,61181.9663746,61181.98456503,,,0,0,0,0,0,
5796338299045711232,220.310638,-73.64517,7,0,7,0,60786.30066911,60901.1261429,,,0,0,0,0,0,
58 Aql,298.687153,0.27703,3,8,3,8,60924.03244767,60924.03683403,59363.35110232,60895.12342823,0,0,0,0,0,
5886146340127842816,235.5392705,-51.99126,4,0,4,0,61225.09483847,61225.12367216,,,0,0,0,0,0,
5927476672953974784,253.464961,-57.69886,13,8,13,8,60786.31486054,61225.14754005,60801.39601692,61134.40063965,7,7,7,7,7,
6079316686107743488,190.5278755,-50.919610000000006,2,0,2,0,61182.05449064,61182.06597254,,,0,0,0,0,0,
6081071334868194176,194.86724850000002,-51.97675,2,0,2,0,61184.09990939,61226.00332539,,,0,0,0,0,0,
6319620720489927680,228.949676,-8.96438,3,3,3,3,60800.25597908,60815.23390179,60800.25572535,60815.23390506,3,3,3,3,3,
6342331068739840000,289.744405,-87.29079,1,1,1,1,60815.33956538,60815.33956538,60815.33946203,60815.33946203,1,1,1,1,1,
6381440834777420928,347.703368,-70.45964,3,0,3,0,61186.38309926,61186.40490194,,,0,0,0,0,0,
6383984898525990272,343.098436,-71.21442,11,2,11,2,60786.3790452,61226.30658018,60931.17494156,60999.01219949,2,2,2,2,2,
6418925831870553472,275.313308,-72.59258,4,0,4,0,61189.26504113,61189.2929073,,,0,0,0,0,0,
6521749994635476992,357.225214,-51.76293,1,0,1,0,61182.38831143,61182.38831143,,,0,0,0,0,0,
6574387911224287488,331.4811915,-38.27026,2,3,2,3,60800.41292912,60829.37387729,55041.36030105,60829.37385783,2,2,2,2,2,
6644841042920381184,289.256627,-52.64837,9,7,9,7,60800.32106783,61226.20581996,60800.32106036,61136.38376112,7,7,7,7,7,
6677563745912843776,312.906141,-41.29193,7,0,7,0,61226.23413946,61228.27406205,,,0,0,0,0,0,
6685861691447769600,301.2409625,-42.95703,4,0,4,0,61185.25773318,61186.34200803,,,0,0,0,0,0,
6694115931396057728,303.444114,-37.972385,6,5,6,5,60787.39549585,60967.0722651,60817.40507455,60967.07209058,5,5,5,5,5,
6781298098147816192,313.73543,-34.04757,1,1,1,1,60798.39361799,60798.39361799,60798.39341871,60798.39341871,1,1,1,1,1,
6795231865409810176,310.816433,-29.81553,1,1,1,1,60798.38045861,60798.38045861,60798.38028649,60798.38028649,1,1,1,1,1,
6888630155507448704,313.742165,-13.25302,9,0,9,0,61189.35941375,61228.34140634,,,0,0,0,0,0,
ASAS J064858-0037.5,102.24176,-0.62243,3,4,3,4,61080.11237435,61080.12656546,59165.30112714,61080.12837575,3,3,3,3,3,
ASAS J103038-3558.0,157.657422,-35.96557,7,4,7,4,61078.17975203,61081.09052237,61078.25346604,61081.09040134,4,4,4,4,4,
AlphaCenB,219.845994,-60.82883,293,209,293,209,60039.24476067,60749.27330434,60403.38004023,60749.26510825,59,59,59,59,59,
AuMic,311.29283,-31.34178,159,57,159,57,60894.08538531,60894.33599011,53468.39044398,59883.00672268,0,0,0,0,0,
BD+00 2058A,115.92898,-0.06912,1,1,1,1,60419.07181723,60419.07181723,60419.07186406,60419.07186406,1,1,1,1,1,
BD+11 2576,202.5056925,10.36917,4,10,4,10,61163.13571232,61163.1488072,57082.33320422,61163.14885489,4,4,4,4,4,
BD+17 2995,243.940483,17.02578,39,30,39,30,60418.30929193,60507.12439995,60402.36646066,60504.08865561,23,23,23,24,25,
BD+23 3183,266.75730550000003,23.327375,6,0,6,0,61214.13756104,61214.23271008,,,0,0,0,0,0,
BD-03 2764,146.405393,-4.67585,1,1,1,1,60425.15010137,60425.15010137,60425.14989775,60425.14989775,1,1,1,1,1,
BD-08 1175,84.232249,-8.79752,5,3,5,3,60251.33776221,60385.04703595,60378.03116398,60385.04685605,3,3,3,3,3,
BD-08_1175,84.230885,-8.797575,2,4,2,4,60221.36256485,60366.15089662,60213.29716785,60385.04685605,2,2,2,2,2,
BD-09 3889,213.703638,-10.48108,9,4,9,4,60458.19955478,60846.11648515,60458.19949826,60843.11389853,4,4,4,4,4,
BD-130321,26.931817,-12.76753,27,14,27,14,60231.11989735,60926.18733706,54429.07358295,60638.14446792,9,9,9,9,9,
BetaPic,86.817888,-51.066275000000005,80,732,80,732,60322.07174387,60322.13799156,52945.24989224,60416.99762129,75,75,75,75,75,
CD-24 10372,187.125237,-24.80597,3,2,3,2,60457.1340799,60461.11946125,60457.13410531,60461.11950553,2,2,2,2,2,
CD-27 2812,93.247481,-27.880145,12,13,12,13,60300.30162226,60400.07967129,60300.30138116,60400.07463766,7,7,7,9,9,
CD-27_2812,93.246968,-27.88029,15,14,15,14,60222.34666321,60386.10562786,60222.34650927,60400.07463766,7,7,7,8,8,
CD-31 3271,96.20300800000001,-31.864185,18,8,18,8,60271.21323884,60400.10237742,60226.34796415,60400.1024331,6,6,6,6,6,
CD-31_3271,96.20237,-31.8638,3,10,3,10,60226.34809499,60383.07195567,60226.34796415,60400.0927998,3,3,3,3,3,
CD-35 14849,323.458702,-35.43966,1,1,1,1,60806.36730396,60806.36730396,60806.36704783,60806.36704783,1,1,1,1,1,
CD-37 15287,353.059485,-37.25534,65,33,65,33,60223.17341229,60228.28536878,60223.1732795,60228.22788938,33,33,33,33,33,
CD-37 7898,187.081782,-38.41868,11,5,11,5,60424.26772897,60860.05799988,60458.14624321,60860.05797528,5,5,5,5,5,
CD-38 15670,358.67021750000004,-37.62707,20,38,20,38,60442.41015329,60535.24270576,58430.03102182,60996.08193603,13,13,13,13,13,
CD-40 8434,212.04262649999998,-41.39758500000001,76,41,76,41,61173.95934456,61175.36768158,58230.22584093,61175.22357018,30,30,30,30,30,
CD-42 3043,108.301216,-42.407915,20,6,20,6,60360.07286605,60360.25425398,60360.14018788,60360.18836457,6,6,6,6,6,
CD-45 3120,110.3690005,-45.566559999999996,10,14,10,14,60407.09022572,60467.9839419,60404.10260056,60449.95127095,5,5,5,8,8,
CD-48 11837,263.805832,-48.67693,11,10,11,10,60798.33562569,61180.22811813,60798.33542555,60943.00135419,9,9,9,9,9,
CD-51 4628,154.314737,-52.48705,1,4,1,4,60844.99680277,60844.99680277,60457.05496454,60844.99659113,1,1,1,1,1,
CD-82_293,258.7259715,-82.85447,2,0,2,0,60398.25026919,60399.31814532,,,0,0,0,0,0,
CPD-54 7010,241.442944,-55.01518,6,6,6,6,60423.2863281,60478.16821761,60423.28614766,60478.16817105,6,6,6,6,6,
CPD-62 1130,133.818028,-63.19619,2,2,2,2,60820.98653456,60844.97448258,60820.98634181,60844.97452971,2,2,2,2,2,
CPD-63 4611,311.60587,-63.39651,18,13,18,13,60491.18770999,60948.11873776,60491.18746398,60948.11862213,12,12,12,13,13,
CPD-83  587,235.905609,-83.7992,17,3,17,3,60402.3808346,60568.03871371,60558.03068314,60568.03858464,3,3,3,3,3,
CY Vel,137.099907,-53.49381,3,6,3,6,61078.29373787,61078.30792898,61078.29356742,61080.21741498,3,3,3,3,3,
DSTucA,354.908491,-69.19734,208,140,208,140,60179.08014375,60236.27426842,58637.42960419,60901.31344404,99,99,99,99,99,
DTARPS-5,324.4868755,-54.03652,6,3,6,3,60500.31482586,60504.28111919,60500.31474723,60504.27049753,3,3,3,3,3,
DTARPS-6,89.2881135,-18.868455,18,8,18,8,60402.07262046,61084.21950095,60316.10951428,61082.19271627,3,3,3,3,3,
Eps_eri,53.225562,-9.45644,719,10,719,10,60586.29495829,60720.02374948,58794.17582363,58839.0842541,0,0,0,0,0,
G 32-5,3.9556465,13.554795,14,1,14,1,61211.41261098,61233.37591984,53336.1105635,53336.1105635,0,0,0,0,0,
G 99-49,90.015662,2.70862,5,12,5,12,60730.99073235,60731.00937628,54455.15653423,60731.00922034,5,5,5,5,5,
G268-10,16.234128,-18.11848,3,0,3,0,60521.34461445,60541.27579501,,,0,0,0,0,0,
G268-110,16.2336805,-18.11873,26,0,26,0,60546.27043751,60928.22716258,,,0,0,0,0,0,
GAT1370,43.2741895,16.855015,38,7,38,7,60170.39679872,60276.15671629,60181.38249886,60248.17910625,7,7,7,7,7,
GJ1,1.399788,-37.371875,222,28,222,28,60145.40233584,60929.09957993,60145.24702457,60573.14652797,26,28,28,28,28,
GJ1046,34.8042095,-36.77274,26,5,26,5,60536.34361104,60625.1121384,60536.34339332,60559.3545407,5,5,5,5,5,
GJ105A,39.0318145,6.897970000000001,4,1,4,1,60245.25051477,60267.1597229,60245.25035619,60245.25035619,1,1,1,1,1,
GJ105B,39.0755305,6.8822600000000005,4,3,4,3,60299.12301473,60597.20374513,60299.12286718,60310.07384094,3,3,3,3,3,
GJ1164A,192.04131999999998,-24.804949999999998,4,1,4,1,60068.25684508,60749.39245457,57086.3525715,57086.3525715,0,0,0,0,0,
GJ1164B,192.038037,-24.80216,7,3,7,3,60441.19015602,60752.40908835,60441.19000671,60513.98106213,3,3,3,3,3,
GJ1214,258.829965,4.95485,19,0,19,0,60042.250704,60042.31572535,,,0,0,0,0,0,
GJ157A,59.3674115,-1.15951,2,14,2,14,60340.05986717,60344.12756692,55887.16336558,57769.09987684,0,0,0,0,0,
GJ157B,59.370394,-1.15616,7,5,7,5,60336.09920175,60597.21793657,60340.07284812,60358.02868177,4,4,4,4,5,
GJ166A,63.803341,-7.674754999999999,4,45,4,45,60356.04257458,60625.29856886,58920.05048847,60689.11486361,1,1,1,1,1,
GJ166C,63.823798,-7.67759,63,1,63,1,60264.25798864,60705.09957416,60345.10272405,60345.10272405,1,1,1,1,1,
GJ179,73.024141,6.47586,70,3,70,3,60245.27057786,60711.04326597,56285.12370529,60546.40419788,1,1,1,1,1,
GJ191,77.977583,-45.05566,3,23,3,23,60270.29281728,60272.26520695,59447.3402081,59576.14761063,0,0,0,0,0,
GJ199A,79.694278,-21.392285,4,2,4,2,60336.1153287,60376.09339451,60336.11519464,60339.14718252,2,2,2,2,2,
GJ199B,79.696585,-21.39178,9,6,9,6,60339.16067757,60750.99497239,52945.32481016,60358.07444501,5,5,5,5,5,
GJ2066,124.030798,1.30551,37,33,37,33,60333.32479829,61163.06352737,56744.01709722,60785.98971153,19,20,20,20,20,
GJ229,92.642609,-21.86782,117,74,117,74,60270.2336003,60711.07680959,53719.26898296,60370.08636112,5,5,5,5,5,
GJ250A,103.07163,-5.17573,1,0,1,0,60041.99628277,60041.99628277,,,0,0,0,0,0,
GJ250B,103.0715835,-5.1937750000000005,2,2,2,2,60042.01241067,60043.01638291,60042.01228048,60043.0161729,2,2,2,2,2,
GJ282C,114.028791,-3.111755,22,21,22,21,60290.23970199,60606.34365454,56982.3108079,60425.01831878,5,5,5,5,5,
GJ285,116.1645,3.55099,259,9,259,9,60263.30676802,60754.02218384,60289.34023973,60394.09141243,9,9,9,9,9,
GJ299,122.9963295,8.738914999999999,46,0,46,0,60284.36231996,60754.03011871,,,0,0,0,0,0,
GJ3090,20.437631,-46.71491,119,60,119,60,60230.09064416,60866.4323254,58452.15267844,60573.17986306,20,20,20,20,20,
GJ3090_09_10_05h45UT,20.4345015,-46.71453,26,40,26,40,60227.24362003,60227.33392718,58501.05349757,60329.05375727,13,13,13,18,18,
GJ317,130.2428575,-23.44885,54,7,54,7,60309.24421249,60819.9585225,58203.08514237,60424.03785317,5,5,5,5,5,
GJ3252,57.749843,-0.88065,15,0,15,0,60265.24239574,60335.07703343,,,0,0,0,0,0,
GJ328,133.78153600000002,1.5407099999999998,62,7,62,7,60321.18832519,60819.97239151,60321.18827666,60428.03767216,7,7,7,7,7,
GJ3307,70.177665,2.2333,47,7,47,7,60245.28457589,60662.08945677,54402.29143819,60546.38291313,4,4,4,4,4,
GJ3379,90.0161495,2.70761,240,16,240,16,60248.25094568,60926.39957773,54455.15653423,60731.00922034,8,8,8,8,13,
GJ3470,119.771726,15.38966,67,19,67,19,60334.11312144,60701.27640824,54832.26362539,60334.21460661,3,3,3,3,3,
GJ3618,161.08257,-61.19868,111,31,111,31,60041.1631949,60871.96338153,60285.30455373,60462.02672657,29,29,29,30,31,
GJ3622,162.056693,-11.34455,63,0,63,0,60335.31455648,60868.96657692,,,0,0,0,0,0,
GJ3683,175.873178,-58.00873,5,12,5,12,60064.18658664,60356.24365283,53205.9625714,60073.10503807,3,3,3,3,3,
GJ3693,178.471836,6.99395,41,0,41,0,60322.32429739,60859.0081998,,,0,0,0,0,0,
GJ3737,189.697956,-38.389,125,20,125,20,60036.29049377,60893.01493347,60098.09048219,60519.00259678,20,20,20,20,20,
GJ4001,259.589575,-1.78262,30,14,30,14,60051.28289634,60404.39049762,56078.22073986,60186.09044212,10,10,10,10,10,
GJ402,162.7107495,6.80054,16,8,16,8,60041.01153767,60073.99473161,60042.12141313,60073.07579524,8,8,8,8,8,
GJ406,164.094231,6.99805,227,13,227,13,60041.02192375,60837.0155161,60096.00735805,60428.09587123,13,13,13,13,13,
GJ426A,170.452096,18.18537,3,2,3,2,60053.14158502,60064.07137104,60064.06412379,60064.07144434,2,2,2,2,2,
GJ426B,170.4518165,18.188544999999998,8,1,8,1,60053.15100317,60759.10553275,60053.15080753,60053.15080753,1,1,1,1,1,
GJ4303,343.86075800000003,-52.304055,42,26,42,26,60149.27339367,60227.2029804,55807.22696144,60227.19731379,17,17,17,17,17,
GJ505A,199.216149,17.014564999999997,4,0,4,0,60073.16634374,60849.01821352,,,0,0,0,0,0,
GJ505B,199.21733749999999,17.01121,4,5,4,5,60064.14633308,60073.18137401,60064.14616739,60073.18138016,4,4,4,4,4,
GJ514,202.506096,10.371,19,17,19,17,60397.13560827,60836.06020057,56765.19576043,61102.32647001,10,10,10,10,10,
GJ555,218.56708700000001,-12.514845000000001,144,2,144,2,60036.35945357,60894.02139101,60070.21314631,60158.00070367,2,2,2,2,2,
GJ570A,224.3748455,-21.429054999999998,2,2,2,2,60064.09059481,60064.09143339,60064.09035419,60064.09141698,2,2,2,2,2,
GJ570B,224.364863,-21.42408,5,2,5,2,60064.08459541,60166.99133153,60150.12119185,60150.12295214,2,2,2,2,2,
GJ581,229.852878,-7.72113,171,22,171,22,60036.3734517,60568.98130152,60121.12229713,60546.01909168,22,22,22,22,22,
GJ643,253.849457,-8.32715,185,6,185,6,60036.38828851,60929.02894422,60201.02531444,60569.02575842,6,6,6,6,6,
GJ653,256.256774,-5.07268,4,1,4,1,60051.4041737,60902.01184584,60097.15239745,60097.15239745,1,1,1,1,1,
GJ654,256.300372,-5.10168,7,3,7,3,60051.41004402,60902.017071,57487.23793032,60097.14017651,2,2,2,2,2,
GJ666A,259.77528,-46.63535,5,0,5,0,60066.33346648,60804.28490358,,,0,0,0,0,0,
GJ666B,259.771098,-46.635464999999996,6,18,6,18,60067.36808218,60902.02797286,53429.35614573,54350.05442935,0,0,0,0,0,
GJ682,264.257168,-44.32485,487,16,487,16,60036.40364142,60941.05945305,60119.22261258,60557.05926829,16,16,16,16,16,
GJ699,269.446398,4.76694,677,39,677,39,60069.41170563,61162.23764873,60433.40357166,60895.17696862,37,37,37,37,39,
GJ699-HA,269.44581600000004,4.76099,8,56,8,56,60120.25659196,60123.27157507,60096.28972636,60213.03367554,7,7,7,7,7,
GJ699-HE,269.44591849999995,4.761055000000001,12,52,12,52,60120.24968957,60123.28054162,60096.28972636,60213.03367554,7,7,7,7,7,
GJ707,273.08815400000003,-43.44758,124,33,124,33,60096.30604241,60941.07867672,53834.41694372,60560.13557523,17,17,17,17,17,
GJ717,278.367724,-11.63537,92,17,92,17,60097.38210717,60941.04242311,53577.1310971,60569.10458566,9,9,9,9,9,
GJ729,282.459663,-23.83544,99,61,99,61,60428.32842429,60817.42396,57597.10005743,60565.10913967,4,4,4,4,4,
GJ784,303.4764085,-45.165055,154,57,154,57,60097.31824359,60621.03137709,53981.18416758,60248.05686564,40,40,40,42,42,
GJ797A,310.1857695,19.936855,2,7,2,7,60123.30969953,60804.42959578,56162.18345587,60123.30955506,1,1,1,1,1,
GJ797B,310.18252800000005,19.90193,10,4,10,4,60123.295766,60882.17580838,60123.29556354,60224.01331918,4,4,4,4,4,
GJ832,323.386997,-49.01492,107,42,107,42,60096.34797211,60272.0772984,57969.21202943,60248.06116507,40,40,40,40,41,
GJ849,332.4249425,-4.63882,96,20,96,20,60145.20609634,60929.18312291,54421.010573,60251.09904307,10,10,10,10,10,
GJ872A,341.6726245,12.169175,10,4,10,4,60120.36445072,60864.43950411,60123.38980425,60188.20806252,4,4,4,4,4,
GJ872B,341.675619,12.16819,5,4,5,4,60120.37393393,60625.0592428,60120.37371751,60151.3239425,4,4,4,4,4,
GJ9052A,19.673308,-0.86725,3,2,3,2,60188.28732608,60293.03639753,58432.10411729,60293.03615729,1,1,1,1,1,
GJ9052B,19.6694965,-0.874995,12,7,12,7,60188.29932423,60305.04437283,58432.10861361,60305.04413887,5,5,5,5,5,
GJ9063A,29.285654,-10.24225,3,5,3,5,60188.3128707,60267.06528445,56192.30072658,60248.11529019,2,2,2,2,2,
GJ9063B,29.292524999999998,-10.24713,14,7,14,7,60188.31977319,60597.18968272,60200.35701312,60566.35689488,7,7,7,7,7,
GJ9066,30.060717,13.03936,131,6,131,6,60244.16990959,60927.36197578,60290.05915952,60568.25039722,6,6,6,6,6,
GJ9085,38.831087,-3.56129,3,5,3,5,60245.24303189,60305.13404416,58003.34949257,60248.16356753,1,1,1,1,1,
GJ9255A,122.662849,-13.800294999999998,2,6,2,6,60042.04002025,60042.04118135,53776.06816749,60042.04124484,2,2,2,2,2,
GJ9255B,122.640554,-13.81331,9,1,9,1,60042.0270543,60713.15766843,60356.22588796,60356.22588796,1,1,1,1,1,
GJ9425,196.228397,-52.45009,81,4,81,4,60036.27591502,60881.02174036,60156.0336641,60322.34742519,4,4,4,4,4,
GJ9482,217.3240425,-46.4659,66,18,66,18,60038.34767123,60478.08190237,53831.35542439,61162.27926005,2,2,2,2,2,
GJ9827,351.770663,-1.28285,157,24,157,24,60134.30994972,60578.25519399,57984.25783277,60173.24612074,23,23,23,23,23,
Gaia DR3 5196317344716068224,122.894874,-81.68421,23,5,23,5,60616.34564478,61159.97637969,60638.33253728,60830.97040546,5,5,5,5,5,
Gaia DR3 5305690099977167232,143.3989975,-58.470815,20,12,20,12,60621.3501892,61159.04169897,60621.34994643,61159.04150568,12,12,12,12,12,
Gaia DR3 5329058707789307648,131.054374,-48.232955,8,6,8,6,60842.98753339,61111.16253116,60672.33413438,61111.16260406,4,4,4,4,4,
Gaia DR3 5533714311754660864,122.584711,-40.94734,9,5,9,5,60800.99666826,61202.95517596,60747.99288949,61134.01259913,3,3,3,3,3,
Gaia DR3 5610436308992623104,105.115682,-28.08479,1,1,1,1,60988.3181859,60988.3181859,60988.31795607,60988.31795607,1,1,1,1,1,
Gaia DR3 5612039087715504640,112.289594,-27.49104,9,4,9,4,60616.32442151,60765.17435468,60705.28068438,60761.16324911,4,4,4,4,4,
Gaia DR3 5717278911884264576,115.0875755,-17.41356,2,0,2,0,60756.05096217,60756.05386491,,,0,0,0,0,0,
Gl699,269.445827,4.76762,21,21,21,21,60094.29910235,60896.00407971,60442.28873833,60895.99171737,3,3,3,3,3,
HAT-P-26,213.157135,4.06027,77,6,77,6,60072.11006409,60449.18428631,60432.0828651,60449.05400548,6,6,6,6,6,
HAT-P-30,123.948966,5.837265,44,0,44,0,60675.17245281,60706.23775557,,,0,0,0,0,0,
HAT-P-70,74.55120149999999,9.997425,62,0,62,0,60636.12314802,60647.30353292,,,0,0,0,0,0,
HATS-1,175.5253335,-23.352874999999997,8,0,8,0,61178.96794519,61179.04154538,,,0,0,0,0,0,
HATS-24,268.89089,-61.74887,35,1,35,1,61179.07096106,61222.40081778,57118.25382635,57118.25382635,0,0,0,0,0,
HD  3567,9.633455000000001,-8.308810000000001,2,2,2,2,60492.41254408,60504.43413568,60492.41258599,60504.43407776,2,2,2,2,2,
HD  3988,9.769494,-83.03406,5,0,5,0,61214.39978018,61214.44873981,,,0,0,0,0,0,
HD  8651,21.1699025,-41.492195,130,21,130,21,60596.25939589,60713.03180526,57004.0385088,60693.0548259,19,19,19,19,19,
HD 100508,173.29456399999998,-67.05649,10,10,10,10,60103.0281665,60128.00473431,59942.35283528,60127.99924626,5,5,6,6,6,
HD 101412,174.931477,-60.17433,13,2,13,2,61213.00840252,61215.07628874,61213.00813487,61215.00601841,2,2,2,2,2,
HD 103723,179.14828,-21.41853,7,4,7,4,60490.04641637,60845.01331681,60490.04627402,60502.00889641,4,4,4,4,4,
HD 105004,181.351297,-26.59631,4,3,4,3,60490.03003138,60808.22665864,53788.33253542,60502.02531772,2,2,2,2,2,
HD 106515A,183.7738455,-7.258905,14,14,14,14,60103.07396682,60132.05628334,59706.21696067,60132.05091379,6,6,6,6,7,
HD 107917,186.076843,-52.403189999999995,2,0,2,0,60359.07381293,60359.11780674,,,0,0,0,0,0,
HD 108028,186.20837,-18.58165,1,1,1,1,60359.35920952,60359.35920952,60359.35905735,60359.35905735,1,1,1,1,1,
HD 108177,186.3948305,1.28074,4,3,4,3,60787.24699478,60846.02856101,60787.24692588,60823.20189618,3,3,3,3,3,
HD 109833,189.7740955,-74.573595,192,27,192,27,60368.16013817,60754.34363488,60368.17226292,60754.33658418,27,27,27,27,27,
HD 110274,190.375859,-58.92398,5,0,5,0,61214.02635346,61214.0730551,,,0,0,0,0,0,
HD 111232,192.2106215,-68.42486,14,16,14,16,60799.05334608,61203.03916389,53400.33721344,60845.08570332,2,2,2,2,2,
HD 111721,192.8521125,-13.4896,2,2,2,2,60359.32508475,60360.34192065,60359.32484893,60360.34178056,2,2,2,2,2,
HD 112410,194.378675,-65.64645,46,26,46,26,60790.24366021,60913.96850843,58576.16075452,60913.9648768,15,15,16,16,16,
HD 112745,194.875169,-45.94476,1,1,1,1,60360.30392533,60360.30392533,60360.3037651,60360.3037651,1,1,1,1,1,
HD 112758,194.75004,-9.82918,1,1,1,1,60359.34992027,60359.34992027,60359.34978182,60359.34978182,1,1,1,1,1,
HD 114095,197.105138,-7.30436,1,1,1,1,60359.33450303,60359.33450303,60359.33434218,60359.33434218,1,1,1,1,1,
HD 114386,197.66193099999998,-35.058785,22,11,22,11,60122.08415995,60187.97840197,59946.29411913,60187.97291343,7,7,7,8,8,
HD 114606,197.835867,9.62922,1,1,1,1,60359.37398159,60359.37398159,60359.3738429,60359.3738429,1,1,1,1,1,
HD 114783,198.1797095,-2.266155,10,13,10,13,60104.10760255,60130.0000275,53403.28174324,60127.08600026,3,3,3,3,3,
HD 115264,199.205283,-45.81535,15,10,15,10,61081.16676827,61081.39319189,61081.19798751,61081.39296851,10,10,10,10,10,
HD 115321,199.063917,15.02106,1,1,1,1,60360.27334871,60360.27334871,60360.27307667,60360.27307667,1,1,1,1,1,
HD 115404,199.21727,17.01453,3,0,3,0,61184.13958093,61184.14448334,,,0,0,0,0,0,
HD 117290,202.5500985,-49.132525,4,0,4,0,61214.08705309,61214.12207932,,,0,0,0,0,0,
HD 120411,207.525542,-40.83591,29,27,29,27,61182.12357947,61184.19460701,59702.10711362,61067.35609931,0,0,0,0,0,
HD 126053,215.814822,1.24008,23,6,23,6,60829.05656382,60837.13743558,60829.05637249,60835.00289317,6,6,6,6,6,
HD 126093,216.1690275,-44.310874999999996,38,9,38,9,60790.25340083,60892.04976424,60790.25318761,60910.99654839,8,8,8,8,8,
HD 126297,216.466503,-44.666405,4,1,4,1,61213.08122898,61213.11625515,61213.08103851,61213.08103851,1,1,1,1,1,
HD 128582,219.793205,-46.58464,125,85,125,85,60487.96298444,60488.26693308,58691.06775574,61153.29742134,75,75,75,75,75,
HD 134439,227.5474,-16.40384,7,3,7,3,60783.3021202,60858.19835904,60804.31681169,60858.19820165,3,3,3,3,3,
HD 14049,32.886868500000006,-76.10710499999999,6,3,6,3,60502.31401002,60504.41607334,60502.31382709,60516.31601343,2,2,2,2,2,
HD 140901,236.8666745,-37.915975,24,8,24,8,60798.32240138,61202.2124312,53465.35741288,60874.05177188,6,6,6,6,6,
HD 141937,238.071494,-18.436945,38,20,38,20,60104.21165681,60204.00605915,59976.32556945,60204.00053321,13,13,13,15,16,
HD 142022,242.509142,-84.232155,32,11,32,11,60104.29152011,60211.03184491,59703.19486219,60204.01448166,4,4,4,4,4,
HD 142415,239.4135125,-60.20206,38,21,38,21,60104.31964522,60203.04899716,59715.14342812,60203.04345825,16,16,16,18,19,
HD 142905,239.824803,-49.36516,11,25,11,25,60407.29587611,60467.18675362,60402.39293693,60468.21806846,7,7,8,9,11,
HD 144585,241.7626115,-14.069469999999999,20,4,20,4,60829.19157719,60837.30786993,60831.24686247,60837.22070807,4,4,4,4,4,
HD 144941,242.349547,-27.22433,7,1,7,1,61213.13773616,61213.20778853,61213.13748715,61213.13748715,1,1,1,1,1,
HD 146817,244.99499150000003,-40.819955,40,22,40,22,60104.19843292,60204.03341012,60086.17418556,60204.02783401,16,16,16,17,19,
HD 149277,248.947882,-45.68052,10,0,10,0,61213.25268707,61214.31998626,,,0,0,0,0,0,
HD 149806,249.285729,0.2565,12,3,12,3,60800.26726804,61185.17548491,60803.15211903,60875.07798841,3,3,3,3,3,
HD 151860,253.240851,-54.16368,3,1,3,1,61215.14408806,61215.16743884,61215.14388208,61215.14388208,1,1,1,1,1,
HD 155918,260.519968,-75.34807,12,4,12,4,60799.35026695,61184.26053436,60799.35018053,60846.21693694,4,4,4,4,4,
HD 157347,260.713948,-2.38775,25,93,25,93,60829.1815785,60837.33238349,55620.36703101,60837.23124223,9,9,9,9,9,
HD 163810,269.656656,-13.09849,5,3,5,3,60418.35973963,60461.34014253,60418.35959904,60425.33349409,3,3,3,3,3,
HD 166724,273.49543900000003,-42.57752,10,6,10,6,60103.30245447,60205.13730309,53866.26130394,60205.13188267,4,4,4,4,4,
HD 167971,274.52327,-12.241299999999999,2,0,2,0,61214.24806277,61215.09267362,,,0,0,0,0,0,
HD 168863,275.66042949999996,-18.020235,2,1,2,1,61204.23458382,61204.23819611,61162.36147597,61162.36147597,0,0,0,0,0,
HD 171238,278.678989,-28.072485,40,20,40,20,60096.36706633,60204.12907424,60087.2821095,60568.1465562,11,11,11,13,14,
HD 176196,286.734495,-74.75479,7,2,7,2,61213.31003248,61215.32715773,61213.309688,61215.29179676,2,2,2,2,2,
HD 181234,289.99735150000004,-9.32409,44,14,44,14,60096.33371604,60205.15033353,60090.27136071,60187.09156197,12,12,12,12,14,
HD 185204,295.022594,-46.90685,11,2,11,2,61213.35067131,61215.3995971,61213.35048271,61215.34105383,2,2,2,2,2,
HD 18599,44.2575435,-56.19261,82,59,82,59,60224.13040445,60253.25612065,58422.32607943,60253.25521182,47,47,47,47,47,
HD 186205,295.65372449999995,9.227219999999999,6,2,6,2,61215.21220858,61215.27284355,61215.21198742,61215.23754573,2,2,2,2,2,
HD 187085,297.388271,-37.78164,20,18,20,18,60096.37938703,60205.16633157,56839.20749659,60256.02527981,8,8,8,8,8,
HD 188031,298.743942,-42.646755,18,16,18,16,60423.36838211,60941.11041432,60423.36823581,60941.11027059,16,16,16,16,16,
HD 189080,300.10311,-49.35034,23,20,23,20,60792.36627236,60916.14463184,60792.36613679,60873.27840389,20,20,20,20,20,
HD 193396,305.063461,-7.41056,19,0,19,0,61211.23844514,61211.35939246,,,0,0,0,0,0,
HD 196067,310.42852,-75.35245,39,7,39,7,60100.40535837,60202.15753931,58330.18943669,60201.24864436,3,3,3,3,4,
HD 199288,314.412324,-44.13478,9,598,9,598,60950.08588112,61204.373794,53193.33267148,60950.09666709,4,4,4,4,4,
HD 19994,48.191956,-1.19559,9,60,9,60,60202.31642021,60204.27454237,53271.35540181,60204.27490659,6,6,6,6,6,
HD 199981,315.41583849999995,-32.523645,10,13,10,13,60798.40897066,61184.34084641,54255.43406576,60941.17818282,4,4,4,4,4,
HD 200297,315.76917149999997,-19.320529999999998,46,16,46,16,60096.32087923,60203.16014375,60086.37796657,60203.15469839,15,15,15,15,15,
HD 207229,327.49316,-64.71361999999999,28,20,28,20,60792.37311025,60915.00304337,60485.30844423,60914.12642029,17,17,17,18,18,
HD 207700,328.67447,-73.44027,2,5,2,5,61202.40176103,61202.40537332,53862.40478043,58048.02656722,0,0,0,0,0,
HD 213069,337.304533,-20.96084,11,9,11,9,60455.36806762,60535.22541755,60477.38271284,60535.22540636,8,8,8,8,8,
HD 213240,337.7459525,-49.435325,54,16,54,16,60096.35358441,60201.28395346,60096.35344889,60201.2765451,14,14,14,16,16,
HD 219077,348.527262,-62.704615000000004,30,31,30,31,60096.39222383,60203.30038264,56085.38257316,60926.14908177,13,13,13,14,14,
HD 221420,353.32359499999995,-77.38286,12,27,12,27,60200.28767292,60203.25019556,53267.16144488,60203.24850632,6,6,6,6,6,
HD 222237,354.896263,-72.727,12,12,12,12,60800.41899311,61204.41740078,56085.40693735,60941.16743185,6,6,6,6,6,
HD 222259A,354.910511,-69.19685,95,147,95,147,60855.25360922,60901.42591139,53522.38481664,60901.31344404,10,10,10,10,10,
HD 23079,54.924082999999996,-52.91734,8,6,8,6,60200.30154193,60203.20549208,53375.1649291,60337.08166785,3,3,3,3,3,
HD 27328,64.3317745,-36.850195,8,6,8,6,60161.36058165,60201.30433789,60161.36056102,60191.35660398,6,6,6,6,6,
HD 287952,82.4948415,2.24826,28,7,28,7,60402.01514499,60569.3243541,60406.01399478,60569.31474573,7,7,7,7,7,
HD 287990,82.766883,1.18936,9,1,9,1,60247.25400767,60386.02667003,60386.02059131,60386.02059131,1,1,1,1,1,
HD 290861,86.780192,0.29994,15,6,15,6,60402.03701258,60569.40821428,60402.03683128,60567.34264626,6,6,6,6,6,
HD 298986,154.315279,-52.48847,7,4,7,4,60418.22523512,60786.05682326,60418.22510614,60786.05686665,4,4,4,4,4,
HD 34328,78.283998,-59.643885,2,2,2,2,60784.03345657,60786.01495747,60784.03343219,60786.01488909,2,2,2,2,2,
HD 345439,299.696655,23.08808,5,0,5,0,61214.33540353,61214.38210513,,,0,0,0,0,0,
HD 34721,79.70950500000001,-18.1297,8,5,8,5,60161.39438513,60204.38697875,60161.39426324,60169.39603344,5,5,5,5,5,
HD 361,2.0657769999999998,-14.82337,34,11,34,11,60096.40557673,60203.28464295,56624.00875934,60203.27922085,7,7,7,9,9,
HD 58353,110.880597,-37.83431,6,8,6,8,60407.07706635,60449.96388978,60405.09044849,60449.9637574,4,4,4,5,5,
HD 60666,113.644218,-27.01052,135,10,135,10,60597.29399047,60765.01333234,60659.23750744,60742.11474571,10,10,10,10,10,
HD 65216,118.418748,-63.649240000000006,2,18,2,18,60209.34573867,60209.35109259,53402.14601798,60216.34743981,1,1,1,1,2,
HD 67929,121.9128965,-54.06523,62,23,62,23,60597.31224639,60766.19066108,60597.31213873,60764.01643027,23,23,23,23,23,
HD 68908,123.49222950000001,-18.154605,2,2,2,2,60360.02254949,60360.03699913,60360.02231084,60360.03679985,2,2,2,2,2,
HD 69674,124.1048255,-39.75198,50,16,50,16,60597.32134189,60766.18040436,60597.32119663,60764.02601704,16,16,16,16,16,
HD 74000,130.21466800000002,-16.34631,2,1,2,1,60786.02508517,60820.97627784,60786.02489752,60786.02489752,1,1,1,1,1,
HD 79202,137.959677,-28.313675,56,11,56,11,60597.34404835,60766.20065975,60602.34336061,60764.00595711,11,11,11,11,11,
HD 83220,143.824375,-49.12836,1,1,1,1,60360.05196488,60360.05196488,60360.05176517,60360.05176517,1,1,1,1,1,
HD 85492,147.813736,-38.042135,2,0,2,0,60359.03981723,60359.09013329,,,0,0,0,0,0,
HD 85512,147.7815025,-43.505905,8,421,8,421,61163.08604079,61163.10507014,55672.03883945,61163.10283713,6,7,8,8,8,
HD 86226,149.120642,-24.100565,4,7,4,7,60102.9866885,60104.03096818,59881.34169213,60104.02550568,2,2,2,3,3,
HD 89933,155.666154,-3.74077,1,1,1,1,60360.28895958,60360.28895958,60360.2888301,60360.2888301,1,1,1,1,1,
HD 90177,155.72418449999998,-59.62473,20,3,20,3,61078.26722398,61081.08652261,58562.05147094,61081.07875438,2,2,2,2,2,
HD 92788,160.70081399999998,-2.18614,16,16,16,16,60103.00017043,60126.97038319,60026.13268618,60126.96484885,7,7,7,10,10,
HD 95315,165.03446200000002,-20.049485,2,0,2,0,60359.05458934,60359.10413125,,,0,0,0,0,0,
HD 96446,166.52148549999998,-59.95013,2,2,2,2,61212.95589469,61214.95476077,61212.95565933,61214.95452971,2,2,2,2,2,
HD 96670,166.80562650000002,-59.873305,6,2,6,2,61212.97021515,61214.99204494,61212.96999822,61214.9684176,2,2,2,2,2,
HD 98083,169.08601249999998,-54.452855,26,21,26,21,61081.10458493,61081.40106187,61081.1099939,61081.37849256,21,21,21,21,21,
HD 98649,170.2119825,-23.2173,14,10,14,10,60103.01300723,60127.96480209,59946.2475841,60127.95990832,6,6,7,9,9,
HD 98800,170.518905,-24.77554,3,4,3,4,60097.99635666,60107.97029914,60097.99625399,60128.93595658,3,3,3,3,3,
HD102117,176.208857,-58.70467,5,32,5,32,60399.18538471,60893.97746188,53150.17183259,60893.97744205,5,5,5,5,5,
HD102438,176.813241,-30.286655,4,34,4,34,60353.25634005,60817.13141738,53145.09279641,60817.13678525,1,1,1,1,1,
HD104006,179.608615,-41.92338,9,6,9,6,60334.35521588,60893.00087092,60334.35510356,60835.099861,5,5,5,5,5,
HD10700,26.004468000000003,-15.928365,20,45,20,45,60950.1927083,60950.21051299,60288.07411105,60950.21034737,20,20,20,20,20,
HD108309,186.692815,-48.91374,17,25,17,25,60295.35150239,60893.99036322,60288.35030272,60892.99212057,11,11,12,12,13,
HD111232,192.217645,-68.424475,2,27,2,27,60398.33671027,60744.28018387,53047.3217595,60877.04537945,0,0,0,0,0,
HD114613,198.009265,-37.80128,9,95,9,95,60350.30213677,60851.10430487,53400.34950307,60851.10750138,6,6,6,6,6,
HD114729,198.18184,-31.87402,4,46,4,46,60353.27027359,60817.18811965,53763.37472729,60817.18792852,3,3,3,3,3,
HD11608,28.3806525,-21.252670000000002,22,30,22,30,60255.2665011,60928.23935472,52943.18702262,60912.41714192,11,11,11,11,11,
HD117105,202.125086,-27.38923,21,13,21,13,60331.36023868,60868.06481199,56062.07318422,60868.06468674,8,8,8,8,8,
HD117207,202.3362105,-35.570495,4,52,4,52,60353.29614119,60817.24869231,56062.08475835,60702.35561425,1,1,1,1,1,
HD117579,202.867557,-8.007595,4,1,4,1,60067.13680623,60376.38137076,60376.38124155,60376.38124155,1,1,1,1,1,
HD117579B,202.87185,-8.00049,21,6,21,6,60067.14970763,60765.35104346,60070.12724964,60460.18644637,6,6,6,6,6,
HD120066,206.7345455,6.349925,2,0,2,0,60064.20439059,60373.34614899,,,0,0,0,0,0,
HD124292,213.187439,-3.32085,3,28,3,28,60350.35026002,60706.36832072,53062.33248234,60706.36814271,1,1,1,1,1,
HD124553,213.586264,-5.94589,15,17,15,17,60328.33179986,60869.14475336,59725.15593881,60851.16324223,6,6,7,8,9,
HD126135,216.18134600000002,-40.755905,30,0,30,0,60049.2970511,60400.2795809,,,0,0,0,0,0,
HD128189,220.07005900000001,-40.845885,12,13,12,13,60060.31501283,60060.33675216,60060.31474827,60060.33168845,12,12,12,12,12,
HD134141,227.26680149999999,-28.364755000000002,14,14,14,14,60123.19906774,60123.21919348,60123.1988617,60123.21723135,14,14,14,14,14,
HD134664,228.044118,-30.88539,11,18,11,18,60328.34470119,60927.99118876,53812.33639299,60873.08872243,3,3,3,3,3,
HD134987,228.36636199999998,-25.307944999999997,10,26,10,26,60330.36137636,60928.00409012,53516.21757866,60873.10667842,3,3,3,3,3,
HD136352,230.4331825,-48.31894,220,113,220,113,60085.06898559,60499.17919536,60085.06876073,60499.17738594,113,113,113,113,113,
HD137992,232.6861255,-41.6555,24,26,24,26,60040.37235207,60041.31239905,60040.37197713,60041.3120167,24,24,24,24,24,
HD138719,233.6112105,-17.702935,34,36,34,36,60054.35612494,60054.40721329,60054.35596542,60054.40539237,34,34,34,34,34,
HD142,1.583909,-49.0751,23,62,23,62,60208.28428171,60926.23894284,53287.13674473,60926.2387846,10,10,11,11,12,
HD142527,239.1721645,-42.32667,4,4,4,4,60041.31652782,60041.32117222,60041.31632851,60041.32057076,4,4,4,4,4,
HD147779,246.266689,-31.4248,15,15,15,15,60051.23857913,60051.26457593,60051.2383556,60051.25813415,15,15,15,15,15,
HD150474,250.693321,-37.34125,21,35,21,35,60341.36622668,60929.05055444,57516.34819038,60928.03084488,14,14,14,14,14,
HD153950,256.128746,-43.30927,15,30,15,30,60419.18541437,60929.06397188,53944.05126717,60928.0439397,10,10,10,10,10,
HD154577,257.542322,-60.72469,3,27,3,27,60424.3554597,60928.05705074,55322.16169084,60928.05691219,3,3,3,3,3,
HD157347,260.711165,-2.38753,1,15,1,15,60567.06283851,60567.06283851,55612.36102641,60835.07610527,1,1,1,1,1,
HD162396,268.2194855,-41.996715,12,71,12,71,60212.05941934,60916.07225369,53150.29991238,60916.07761629,6,6,6,6,6,
HD166724,273.49897,-42.57436,3,16,3,16,60398.2940065,60916.08631625,53153.3049721,60916.08614108,3,3,3,3,3,
HD16905,40.012757,-61.35611,18,40,18,40,60244.18610105,60892.40643074,53369.0946964,60873.32528279,9,9,10,10,10,
HD169830,276.955277,-29.816065000000002,18,19,18,19,60213.07783289,60928.07201651,53263.06022006,60469.22045838,1,1,1,2,3,
HD171238,278.681386,-28.07183,5,11,5,11,60398.30664978,60927.12245522,59672.2803982,60424.32509667,1,1,1,1,1,
HD179949,288.887788,-24.17949,137,6,137,6,60125.0895475,60125.30506128,53604.13551273,53609.13014708,0,0,0,0,0,
HD181433,291.2857945,-66.46751,4,28,4,28,60398.31929306,60916.09986271,53229.14360393,60608.03628726,2,2,2,2,2,
HD184509,293.897973,-20.785415,60,0,60,0,60125.31209306,60125.41156132,,,0,0,0,0,0,
HD185283,295.320264,-56.3222,11,13,11,13,60256.01183705,60926.12895784,55822.1421884,60872.21951755,5,5,5,5,5,
HD187085,297.391438,-37.779044999999996,4,17,4,17,60256.02551254,60925.11873229,56837.26545295,60914.08739184,1,1,1,1,1,
HD189733,300.178572,22.7073,369,72,369,59,60158.09177461,60879.26612168,53951.15218352,60573.06417229,45,45,45,45,45,
HD191785,302.7684745,16.188695000000003,2,2,2,2,60100.33214223,60123.28576703,60100.33212884,60123.2856946,2,2,2,2,2,
HD192263,303.498512,-0.86231,37,9,37,9,60810.4083983,60878.20199797,57610.10653051,58668.26000875,0,0,0,0,0,
HD196050,309.461232,-60.63524,1,20,1,20,60925.13331096,60925.13331096,53264.07075917,59444.11330359,0,0,0,0,0,
HD196067,310.440692,-75.35097999999999,4,14,4,14,60256.04022023,60636.0312851,59548.00033519,60636.03675012,2,2,2,2,2,
HD202206,318.739412,-20.78889,3,20,3,20,60245.09233764,60619.04233394,53146.35736924,60619.04224323,1,1,1,1,1,
HD207129,327.06704149999996,-47.30467,8,179,8,179,60449.37909928,60616.05761331,52937.05252644,60616.05972675,4,4,4,4,4,
HD20766,49.45894,-62.571225,6,8,6,8,60340.08896027,60927.30701532,60340.08877193,60554.30350043,2,2,2,2,2,
HD20794,50.0114985,-43.06324,70,52,70,52,60396.9911728,61214.6613621,59870.12755182,60950.29610408,20,20,20,20,20,
HD210277,332.374164,-7.54948,5,27,5,27,60230.07258179,60833.41905573,53263.21725198,60616.0714517,3,3,3,3,3,
HD216435,343.40731,-48.59883,3,33,3,33,60244.20029262,60635.03642635,53291.11188874,60247.0644115,2,2,2,2,2,
HD216437,343.659688,-70.07264,3,12,3,12,60245.11833438,60251.16061632,56765.42586479,60251.16597614,3,3,3,3,3,
HD219077,348.531647,-62.70319,10,47,10,47,60293.06452266,60926.14901947,55755.26990977,60611.03854603,6,6,6,6,6,
HD220367,351.07156999999995,-72.16527500000001,26,16,26,16,60208.08765832,60926.15753457,55710.38761595,60613.0649471,8,8,8,8,8,
HD220689,351.470039,-20.61546,17,30,17,30,60209.095832,60837.34367242,56809.43756925,60792.4010804,6,6,6,6,6,
HD222237,354.904594,-72.72612,9,7,9,7,60232.11243546,60812.42865299,57202.41321953,60800.42277853,4,4,4,4,4,
HD223171,356.833351,-48.27745,3,73,3,73,60295.06359921,60670.0898428,53520.43676232,60466.37686038,1,1,1,1,1,
HD22496,53.7567735,-48.417055000000005,28,29,28,29,60209.25413699,60927.31720776,54420.23638485,60927.3170637,16,16,16,17,17,
HD22879,55.097314,-3.216995,2,26,2,26,60341.06490792,60701.03889242,54449.18878004,60554.3359667,1,1,1,1,1,
HD23079,54.924045,-52.9168,3,6,3,6,60337.08182426,60892.37972489,53375.1649291,60337.08166785,1,1,1,1,1,
HD260655,99.287918,17.565975,106,16,106,16,60277.22795186,60342.1537724,60277.28922296,60342.10849316,16,16,16,16,16,
HD27063,64.124717,-0.57203,13,8,13,8,60209.29593761,60738.02442936,60209.29595571,60635.211389,7,7,7,7,7,
HD27631,64.93902,-41.96036,15,26,15,26,60724.04510515,60927.34088195,56953.20837882,60927.34070519,6,6,6,6,6,
HD28185,66.61013,-10.55073,3,19,3,19,60515.4202601,60739.06316841,53001.12648995,60668.19658366,1,1,1,1,1,
HD32564,76.025038,-0.64852,3,35,3,35,60231.36232695,60894.40011219,55410.44447446,60894.40005233,3,3,3,3,3,
HD36108,82.0850975,-22.43224,26,9,26,9,60208.29860235,60914.35969343,60212.35524001,60607.32222892,8,8,8,8,9,
HD40503,89.3677595,-37.846375,40,26,40,26,60308.18255219,60927.40480885,60323.18552821,60927.40483133,25,25,25,25,25,
HD4208,11.112544,-26.51354,9,26,9,26,60231.09254634,60698.03648147,54054.12182034,60669.03399773,4,4,4,4,4,
HD4307,11.3684205,-12.881095,20,33,20,33,60209.08254358,60916.25513379,52946.23244583,60666.05786466,9,9,9,12,13,
HD44447,93.7707305,-71.70216500000001,18,17,18,17,60208.31201981,60815.95407159,52940.3068608,60815.95950614,6,6,6,6,7,
HD45184,96.1797505,-28.78071,4,23,4,23,60327.16488853,60914.41568635,53789.11964788,60425.0317017,2,2,2,2,2,
HD50499,103.006687,-33.91521,11,22,11,22,60211.33419374,60815.9699405,56953.33394087,60791.0084118,7,7,7,7,7,
HD53705,105.98658499999999,-43.605425,34,35,34,35,60208.32672752,60815.99684045,53462.01442543,60791.02926518,18,18,18,18,18,
HD55,1.314346,-67.8376,18,17,18,17,60585.08528815,60950.18335432,57255.25562941,60950.17584703,6,6,6,6,6,
HD59468,111.85301749999999,-51.40223,4,34,4,34,60336.22092811,60816.0061297,52946.34638136,60816.01154228,2,2,2,2,3,
HD65216,118.420286,-63.6467,3,24,3,24,60336.23473262,60341.17631305,52984.24744621,60341.1761412,2,2,2,2,2,
HD69655,123.85423,-52.061004999999994,18,50,18,50,60232.35164035,60817.00788438,52939.36565076,60817.01326707,12,12,12,12,12,
HD70642,125.364004,-39.70273,7,6,7,6,60295.29744604,60744.15458719,58503.30261478,60744.15458989,4,4,4,4,4,
HD76151,133.572539,-5.43278,4,16,4,16,60352.18780408,60816.95679395,58520.21128909,60816.96224856,2,2,2,2,2,
HD78429,136.662402,-43.49117,3,75,3,75,60327.33294049,60850.96638558,52984.31673881,60850.96635382,2,2,2,2,2,
HD78558,137.10022,-15.14509,11,5,11,5,60248.30777617,60816.99343474,60288.28642136,60704.2336692,3,3,3,3,3,
HD81767,141.7870325,-16.66119,36,14,36,14,60255.34861875,60849.96153528,53061.14857397,60699.30294045,9,9,10,11,11,
HD823,3.135486,-30.85979,43,17,43,17,60208.17449125,60927.28721171,60208.17447358,60872.33184491,15,15,15,15,17,
HD82943,143.711609,-12.13055,3,100,3,100,60323.36080122,60815.06359808,53015.28933642,60815.06907705,3,3,3,3,3,
HD84897-Johanna,147.01281,-15.42107,1,1,1,1,60360.32592272,60360.32592272,60360.3257307,60360.3257307,1,1,1,1,1,
HD85512,147.7817555,-43.50949,70,85,70,85,60039.00259202,61162.98250234,56724.32077088,60131.96742131,45,46,46,46,46,
HD90156,155.9795595,-29.6447,4,35,4,35,60425.19377271,60867.94902223,55141.36334567,60815.08969383,1,1,1,1,1,
HD90711,157.047434,-6.6006,23,13,23,13,60277.31697,60850.97980302,56369.16048505,60745.13456062,11,11,11,11,11,
HD92588,160.3498495,-1.741025,22,32,22,32,60327.36029146,60852.96260287,54117.27225652,60849.9799325,11,11,12,14,15,
HD93083,161.0850875,-33.576245,4,34,4,34,60399.17235436,60817.02194694,53375.32903192,60817.02184255,3,3,3,3,3,
HD9626,23.578636,-8.45528,11,12,11,12,60191.33604325,60191.35152459,60191.33566798,60191.35119766,11,11,11,11,11,
HD984,3.5423,-7.19886,7,19,7,19,60191.32294824,60191.33223705,56844.4174791,60191.33124471,7,7,7,7,7,
HD98649,170.21436649999998,-23.21566,4,9,4,9,60351.24036243,60852.98718021,58624.06486709,60852.98700366,3,3,3,3,3,
HD_4875,12.6649965,-18.503495,12,6,12,6,60222.18539639,60276.11710877,60222.18520577,60530.21774648,4,4,4,4,5,
HIP54597,167.607012,-29.413635,18,31,18,31,60277.32987134,60865.94432528,53060.27846658,60817.0868454,8,8,8,8,8,
HIP65,0.180834,-54.83205,85,59,85,59,60171.21706039,60177.38020861,60171.21698134,60177.37784996,59,59,59,59,59,
HIP67522,207.523791,-40.83597,65,10,65,10,61067.19613641,61139.41304566,59702.25595435,61139.37534512,8,8,8,8,8,
HIP70849,217.325928,-46.46501,11,43,11,43,60327.3462289,60792.26306041,53831.35542439,61162.27926005,5,5,5,5,6,
HIP71724,220.072894,-40.84036,23,12,23,12,60050.21226747,60400.25358481,60400.23632376,60400.25184177,12,12,12,12,12,
HIP73990,226.8092045,-29.505885,20,20,20,20,60123.16326657,60123.1926811,60123.16322583,60123.19006677,20,20,20,20,20,
HIP78196,239.49501650000002,-31.732,16,16,16,16,60051.20206691,60051.23116027,60051.20193639,60051.22310808,16,16,16,16,16,
HIP78233,239.6201175,-21.40225,30,32,30,32,60060.26527859,60060.31017443,60060.26502996,60060.3087867,30,30,30,30,30,
HIP79124,242.259286,-18.99679,11,15,11,15,60054.33012777,60054.34935123,60054.32989045,60054.34963844,11,11,11,11,11,
HR1903,84.0533985,-1.19971,1090,0,1090,0,60229.37917811,61159.97231534,,,0,0,0,0,0,
HR3117,119.191727,-52.98313,279,0,279,0,60035.98013664,61142.97998114,,,0,0,0,0,0,
HR3131,119.966979,-18.39672,378,0,378,0,60041.97905891,61158.97016064,,,0,0,0,0,0,
HR3314,126.4135845,-3.90569,168,42,168,42,60040.97812096,61189.97930057,53807.09829447,57712.35707035,0,0,0,0,0,
HR4023,153.681971,-42.12107,565,3,565,3,60037.01818443,61225.9676523,53779.23496119,53874.99182748,0,0,0,0,0,
HR4023_off_0.7,153.681945,-42.11983,5,0,5,0,60814.96928523,60814.97263955,,,0,0,0,0,0,
HR4023_off_1.4,153.682118,-42.11988,5,0,5,0,60814.98747744,60814.99083176,,,0,0,0,0,0,
HR4023_off_2.1,153.682152,-42.11967,2,0,2,0,60815.00037962,60815.0012182,,,0,0,0,0,0,
HR4467,173.94494500000002,-63.02357,444,0,444,0,60042.99264281,61162.16836727,,,0,0,0,0,0,
HR4889,193.357815,-40.17898,105,0,105,0,60059.08737611,61178.08866388,,,0,0,0,0,0,
HR5107,203.67131,-0.5926549999999999,194,0,194,0,60102.95094874,61227.96268062,,,0,0,0,0,0,
HR5671,229.723485,-68.68224,805,0,805,0,60038.42566312,61185.97186731,,,0,0,0,0,0,
HR6743,271.657281,-50.09157,653,0,653,0,60037.418386,61191.44038734,,,0,0,0,0,0,
HR7590,300.145552,-72.9121,727,80,727,80,60039.41474306,61235.44384184,57225.17801626,57917.31225154,0,0,0,0,0,
HR7590_off_0.5,300.140926,-72.90936,5,86,5,86,60816.38750241,60816.39085673,53147.27394439,56795.37419402,0,0,0,0,0,
HR7596,298.687055,0.27353,11,37,11,37,60619.99137936,61204.36366602,54350.04100827,60619.9970859,2,2,2,2,2,
HR7830,307.47401,-18.58149,309,0,309,0,60044.40069209,61173.37874017,,,0,0,0,0,0,
HR7950,311.920057,-9.49426,7,71,7,71,60620.98744539,60895.15906312,53305.03378831,61133.42534095,6,6,6,6,6,
HR806,39.897565,-68.26828,405,0,405,0,60221.24077693,61182.43185362,,,0,0,0,0,0,
HR8709,343.661472,-15.8185,865,0,865,0,60053.4180026,61204.4494626,,,0,0,0,0,0,
HR875,44.156056,-3.71079,307,2,307,2,60145.42401063,61116.99690983,53986.37325014,53986.37671792,0,0,0,0,0,
HR9098,0.934623,-17.33352,402,0,402,0,60097.42758429,61232.4419643,,,0,0,0,0,0,
IC4651No9122,261.207043,-49.94849,23,16,23,16,60041.40013042,60939.99599851,53449.38366815,60488.30406794,6,6,6,6,6,
IC4756No52,279.39885,5.26195,29,10,29,10,60036.41880093,60939.98961194,58217.38278665,60488.29945322,5,5,5,5,5,
J0002-13,0.5714825,-13.4043,2,5,2,5,60859.40278883,60892.29257507,59435.34797936,60859.40255774,1,1,1,1,1,
J0009-41,2.348697,-41.044,9,6,9,6,60859.41059451,60970.09421883,60859.41033977,60967.15249293,6,6,6,6,6,
J0013-52,3.460715,-52.57098,9,8,9,8,60860.38492732,60971.13977155,60860.38481242,60971.13961105,8,8,8,8,8,
J0035-39,8.893427,-39.74575,7,5,7,5,60860.39131372,60967.16799508,60860.39105744,60967.16775745,5,5,5,5,5,
J0035-69,8.908641,-69.81512,1,5,1,5,60130.3387645,60130.3387645,58275.40867686,60130.33876229,1,1,1,1,1,
J0040-11,10.196667999999999,-11.363665,8,5,8,5,60848.404928,60967.17580075,60848.40473271,60967.17560627,5,5,5,5,5,
J0050-18,12.665105,-18.50496,13,5,13,5,60128.34618161,60546.3482335,59192.07008958,60530.21774648,4,4,4,4,4,
J0055-00,13.807931,-0.12938,77,37,77,37,60128.36959727,61041.07942044,58349.28726625,60996.10914822,27,27,28,30,30,
J0057-21,14.4875245,-21.41782,16,3,16,3,60127.31976434,60559.14375349,58354.25821078,60559.13302972,1,1,1,1,1,
J0104-30,16.1564085,-30.48576,8,5,8,5,60860.40382846,60975.11027222,60860.40362608,60975.1100625,5,5,5,5,5,
J0104-38,16.077482,-38.30721,3,5,3,5,60128.33224807,60182.31201266,58438.07962174,60182.31181418,2,2,2,2,2,
J0110-40,17.5057635,-44.268345,56,16,56,16,60109.41160516,60958.24857836,59461.29583409,60958.23788197,11,11,11,12,12,
J0113-08,18.439817,-8.31393,3,2,3,2,60972.05308204,61000.0132181,60980.08804562,61000.01294438,2,2,2,2,2,
J0130-14,22.6280435,-14.069455000000001,2,1,2,1,60972.1490121,61000.07850273,61000.07836289,61000.07836289,1,1,1,1,1,
J0135-21,23.838537,-21.19839,1,3,1,3,60972.15578557,60972.15578557,55076.27684499,55807.33454028,0,0,0,0,0,
J0137-82,24.464483,-82.973085,2,2,2,2,60999.08815348,61016.07096717,60999.08809891,61016.07072414,2,2,2,2,2,
J0141-67,25.3095225,-67.68119,4,2,4,2,60972.1638493,60997.14510902,60975.13801004,60980.09730355,2,2,2,2,2,
J0204-06,31.058684,-6.544335,4,3,4,3,60972.17217107,61000.0877277,60975.1464567,61000.08758065,3,3,3,3,3,
J0213-08,33.3969205,-8.813130000000001,4,1,4,1,60972.17907355,61089.00373195,61000.09394085,61000.09394085,1,1,1,1,1,
J0214-17,33.6278985,-17.787869999999998,8,1,8,1,60972.18649215,61089.00986029,61089.00961828,61089.00961828,1,1,1,1,1,
J0228+05,37.0339435,5.597075,12,2,12,2,60130.40714683,60559.37850967,60183.31824221,60503.38266394,2,2,2,2,2,
J0236-03,39.17631,-3.15429,9,2,9,2,60972.2012003,61092.01466458,60976.12451138,61000.0200133,2,2,2,2,2,
J0240-09,40.0491155,-9.453135,6,4,6,4,60972.19326561,61092.02143806,61085.04703334,61092.02125971,4,4,4,4,4,
J0245-30,41.480369499999995,-30.480469999999997,8,2,8,2,60975.16858908,61089.03005169,61086.0330974,61089.02981236,2,2,2,2,2,
J0246-56,41.513395,-56.932649999999995,2,0,2,0,60999.02783796,61016.08644949,,,0,0,0,0,0,
J0250-65,42.552690999999996,-65.20763,6,2,6,2,60132.44024533,60210.26404011,60132.44006634,60210.25329238,2,2,2,2,2,
J0302-15,45.635987,-15.272134999999999,8,6,8,6,60976.13193338,61097.02573947,61084.06423717,61097.02552802,6,6,6,6,6,
J0304-65,46.210046000000006,-65.184235,8,6,8,6,60980.12278254,61097.03315807,61084.07171677,61097.03294141,6,6,6,6,6,
J0310-31,47.5938005,-31.12521,62,27,62,27,60132.41605551,60964.19867878,57962.42869121,60949.24070435,8,8,8,8,8,
J0345-10,56.302443,-10.97221,10,10,10,10,60153.37029379,60282.13597179,58702.34752471,60282.13574629,7,7,7,7,7,
J0347-64,56.8266875,-64.32678,8,4,8,4,60975.1766528,61085.08404622,60976.13981873,61084.07792245,4,4,4,4,4,
J0349-40,57.262131,-72.94744,1,2,1,2,60130.43172375,60130.43172375,59233.02323021,60130.43151707,1,1,1,1,1,
J0349-55,57.384254,-55.34815,1,1,1,1,60129.4396283,60129.4396283,60129.43941967,60129.43941967,1,1,1,1,1,
J0353-16,58.475918,-16.95317,35,31,35,31,60154.40805118,60568.27023382,56681.06767192,60560.26371503,18,18,18,18,18,
J0412-44,63.089906,-44.1985,1,4,1,4,60130.43823917,60130.43823917,58354.40934014,60130.437993,1,1,1,1,1,
J0414-14,63.7449085,-14.404385000000001,8,6,8,6,61000.30557878,61113.99911574,61084.08453602,61113.99880976,6,6,6,6,6,
J0415-16,63.856814,-16.90084,9,8,9,8,60155.39976418,60565.40182208,59188.11268536,60215.32958501,1,1,1,2,2,
J0418-53,64.5210945,-53.801005,96,42,96,42,60158.33497139,61127.0561316,58436.22981952,61125.02499399,26,26,26,26,27,
J0444-20,71.192642,-20.01299,9,4,9,4,60976.1479318,61114.05942995,61086.13641001,61113.02194139,4,4,4,4,4,
J0446-60,71.718939,-60.602445,8,9,8,9,60976.15651163,61115.05463175,55118.19399412,61115.05436965,5,5,5,5,5,
J0455-17,73.890103,-17.76537,3,1,3,1,61001.24709634,61113.07325418,61093.09836068,61093.09836068,1,1,1,1,1,
J0456-74,74.130976,-74.91944000000001,2,3,2,3,60533.3872361,60543.35290377,59247.12064805,60543.35276261,2,2,2,2,2,
J0500-46,75.13775,-46.18806,5,6,5,6,60535.35669215,60569.38066979,58488.16683692,60569.38047615,3,3,3,3,3,
J0503-25,75.810502,-25.377415,28,21,28,21,60156.42565454,61139.9972617,59190.13768102,61139.9970528,11,11,11,11,11,
J0524-38,81.14120249999999,-38.562380000000005,8,3,8,3,60968.32323665,61113.07989863,60968.32309399,61016.19902666,3,3,3,3,3,
J0525-55,81.349116,-55.02127,5,8,5,8,60155.41014994,60278.28717782,58830.29135133,60221.3146448,3,3,3,3,3,
J0526-34,81.660535,-34.61579,35,16,35,16,60187.40245804,60560.30020518,58437.25437989,60385.05682709,10,10,10,10,10,
J0529-34,82.35012649999999,-34.513355000000004,8,5,8,5,60968.32975207,61115.06088913,60968.32958163,61091.08649957,5,5,5,5,5,
J0535-08,84.231071,-8.798885,2,6,2,6,60187.37420384,60213.29735349,59822.36168815,60385.04685605,2,2,2,2,2,
J0553-48,88.441958,-48.107695,8,5,8,5,60999.19549372,61124.05294923,61016.21242823,61116.04642035,5,5,5,5,5,
J0554-12,88.7381685,-12.938189999999999,8,3,8,3,60978.28503173,61124.06114198,61095.11507316,61116.03955086,3,3,3,3,3,
J0557-31,89.27337,-31.25631,8,4,8,4,61002.1059129,61124.06907669,61095.12110361,61124.06888227,4,4,4,4,4,
J0604-45,91.119927,-45.03418,1,1,1,1,60980.24328304,60980.24328304,60980.24322968,60980.24322968,1,1,1,1,1,
J0610-56,92.5970835,-56.378085,2,10,2,10,60434.99975105,60435.01026536,59192.11792882,60434.99975678,1,1,1,1,1,
J0620-10,95.060139,-10.72164,3,1,3,1,60999.28006811,61095.12747678,60999.27999991,60999.27999991,1,1,1,1,1,
J0621-50,95.482632,-50.92888,1,1,1,1,60053.97918246,60053.97918246,60053.97901642,60053.97901642,1,1,1,1,1,
J0649-33,102.387396,-33.70738,5,4,5,4,60980.25057262,61113.11105648,61001.25444145,61095.13366844,3,3,3,3,3,
J0700-41,105.1226495,-41.37635,8,7,8,7,60980.25773317,61125.04404331,61001.26906866,61125.04378141,6,6,6,6,6,
J0708-68,107.1342315,-68.36852999999999,8,7,8,7,60281.27742345,60568.38466856,59275.11242851,60410.99564182,2,2,2,2,2,
J0714-60,108.507041,-60.103790000000004,2,2,2,2,60980.2657969,60997.22806593,60980.26560005,60997.22798262,2,2,2,2,2,
J0727-34,111.832901,-34.34641,7,5,7,5,60980.27902166,61113.1215717,61003.27428521,61095.18899708,4,4,4,4,4,
J0729-17,112.3339245,-17.342885,8,3,8,3,60980.28669832,61116.06990661,61088.19043134,61115.09255968,3,3,3,3,3,
J0732-78,113.106291,-78.08412,9,1,9,1,60980.29540718,61116.07861547,61113.14187035,61113.14187035,1,1,1,1,1,
J0759-69,119.8915085,-69.45587499999999,102,39,102,39,60281.30187129,61160.01321276,59195.17813476,61160.00596497,34,34,34,35,35,
J0812-07,123.216583,-7.20466,9,6,9,6,60980.30411604,61154.03727475,60980.30389204,61154.03696086,6,6,6,6,6,
J0816-03,124.107335,-3.22531,7,4,7,4,61003.29974459,61146.06180994,61088.24584006,61146.06160083,4,4,4,4,4,
J0825-67,126.257306,-67.97648,3,2,3,2,60280.34036802,60425.07282214,60280.34042703,60281.31616941,2,2,2,2,2,
J0925-03,141.4724545,-3.30605,4,6,4,6,60085.04066693,60425.10688155,58287.95827007,60425.09618041,2,2,2,2,2,
J0933-39,143.357879,-39.362905,8,5,8,5,61001.26141744,61153.022918,61092.26977507,61153.02261225,5,5,5,5,5,
J0934-02,143.504072,-2.3391349999999997,4,3,4,3,61003.30561489,61113.19859784,61089.25195123,61113.19835517,3,3,3,3,3,
J0942-07,145.54800699999998,-7.76995,8,5,8,5,61088.27567759,61149.09199027,61088.27548654,61149.09168442,5,5,5,5,5,
J0946-29,146.72981,-29.30343,3,2,3,2,60281.34477026,60408.0910737,60281.3447663,60282.33757295,2,2,2,2,2,
J0954-23,148.718505,-23.33342,8,8,8,8,60057.10571774,60298.32236598,58546.29665462,60079.98994386,5,5,5,5,5,
J0954-45,148.7433375,-45.28905,8,9,8,9,60408.02566398,60477.98713888,58281.98583061,60477.98693925,6,6,6,6,6,
J1008-29,152.13748,-29.600279999999998,2,5,2,5,60425.17009906,60425.18061335,58292.01254467,60425.16986379,1,1,1,1,1,
J1018-35,154.6429985,-35.7635,8,6,8,6,61088.26890413,61153.03014314,61088.26883014,61153.02994704,6,6,6,6,6,
J1036-36,159.05257749999998,-36.36513,8,6,8,6,61088.29780387,61149.22403944,61088.2977017,61148.08411869,6,6,6,6,6,
J1114-43,168.71128199999998,-43.81192,8,5,8,5,61083.35978767,61146.19017994,61083.35964936,61092.32815421,5,5,5,5,5,
J1119-39,169.908242,-39.46138,22,20,22,20,60345.1787161,60516.99353716,58260.01860571,60516.9829599,8,8,8,8,8,
J1140-08,175.149898,-8.40435,8,1,8,1,61088.33296096,61148.10866477,61146.20002033,61146.20002033,1,1,1,1,1,
J1141-41,175.359084,-41.017495,8,5,8,5,61088.32044624,61148.11750266,61088.32030947,61148.11725681,5,5,5,5,5,
J1147-29,176.82750750000002,-29.49017,8,5,8,5,61088.33921832,61148.15259482,61088.33906413,61148.15250639,5,5,5,5,5,
J1201-36,180.443547,-36.44674,9,10,9,10,60125.03594225,60500.04897752,58216.16743754,60500.03850862,1,1,1,1,1,
J1204-47,181.144087,-47.61347,49,25,49,25,60056.26326197,61149.26100199,58217.17243134,61141.21758109,12,12,12,13,13,
J1213-09,183.335989,-9.07625,1,2,1,2,60790.14567392,60790.14567392,60776.11636595,60790.14540485,1,1,1,1,1,
J1218-14,184.500001,-14.9358,9,4,9,4,60790.15128615,60857.95585825,60816.12657247,60850.03700246,4,4,4,4,4,
J1246-48,191.548973,-48.94492,3,2,3,2,60124.1255017,60344.35632553,60124.12533439,60153.03816572,2,2,2,2,2,
J1248-37,192.215427,-37.040414999999996,6,4,6,4,60791.18896839,60848.08967112,60791.18864583,60848.0894734,4,4,4,4,4,
J1253-18,193.316171,-18.526735000000002,10,5,10,5,60792.04038601,60857.96224463,60843.08020428,60853.07053912,5,5,5,5,5,
J1258-58,194.6799,-58.47846,1,2,1,2,60134.10707336,60134.10707336,59714.07591038,60134.10682668,1,1,1,1,1,
J1303-24,195.96838,-24.49915,9,5,9,5,60792.04625631,60857.96863102,60792.04609255,60853.08745581,5,5,5,5,5,
J1304-37,196.032688,-37.00659,3,2,3,2,60058.0953856,60141.06689456,60058.09512869,60141.0667182,2,2,2,2,2,
J1305-31,196.273349,-31.43646,8,12,8,12,60059.07344257,60530.01441395,58476.33591661,60530.01460337,2,2,2,2,2,
J1315-87,198.7329755,-87.55959999999999,6,3,6,3,60794.1390097,60848.1125716,60794.1388329,60848.11234991,3,3,3,3,3,
J1318-58,199.68161800000001,-58.267515,8,15,8,15,60794.14526707,60857.97566253,57006.36937646,60857.9754209,8,8,8,8,8,
J1335-39,203.9870945,-39.105000000000004,6,3,6,3,60794.10946524,60846.10880851,60794.10925046,60846.10861772,3,3,3,3,3,
J1341-30,205.3385955,-30.916935000000002,4,4,4,4,60057.13997082,60134.12049082,60057.13968192,60134.12031781,3,3,3,3,3,
J1342-49,205.6333535,-49.42882,40,28,40,28,60814.2703973,61160.25163292,60816.22933659,61160.25144723,26,26,26,27,27,
J1350-19,207.643675,-19.89817,3,2,3,2,60790.22282419,60816.24893738,60814.28076991,60816.24880319,2,2,2,2,2,
J1403-32,210.9153205,-32.55615,30,6,30,6,60054.30684116,61154.21905404,58291.00865852,61097.30642733,2,2,2,2,2,
J1418-29,214.5908045,-29.881619999999998,2,5,2,5,60500.13471002,60556.99323316,58515.3578293,60556.99316749,2,2,2,2,2,
J1445-54,221.339846,-54.76216,1,4,1,4,60124.11421276,60124.11421276,59272.35020882,60124.11391362,1,1,1,1,1,
J1455-43,223.771413,-43.92502,1,3,1,3,60132.09511703,60132.09511703,58900.39311682,60132.09501947,1,1,1,1,1,
J1510-52,227.663229,-52.80645,1,1,1,1,60791.22322238,60791.22322238,60791.22307773,60791.22307773,1,1,1,1,1,
J1512-23,228.0610395,-23.758985000000003,2,1,2,1,60175.08541655,60175.09593087,60175.08527095,60175.08527095,1,1,1,1,1,
J1525-36,231.370724,-36.40295,9,6,9,6,60129.20165414,61153.20611827,58542.39094677,61153.20593036,5,5,5,5,5,
J1540-09,235.0365395,-9.48284,118,31,118,31,60056.34525518,61160.28524078,57865.32349706,61157.16067363,10,10,10,12,12,
J1544-33,236.087255,-33.3131,9,7,9,7,60790.31997219,61155.32650152,60790.31989851,60854.13020614,7,7,7,7,7,
J1606-36,241.7417715,-36.39117,6,4,6,4,60790.32558442,60849.17716731,60790.32536085,60849.17686571,4,4,4,4,4,
J1613-76,243.4146575,-76.266065,22,14,22,14,60124.20246362,60568.02948918,59478.97876159,60545.05625295,13,13,13,13,13,
J1628-70,247.116939,-70.08447,7,7,7,7,60848.21217421,60893.09098722,60848.21193879,60910.98883431,6,6,6,6,6,
J1630+10,247.6053135,10.15849,2,9,2,9,60131.15489636,60142.13428056,58274.18401983,60142.13408314,2,2,2,2,2,
J1650-49,252.693678,-49.210570000000004,10,8,10,8,60792.2762198,61160.31381749,60792.27604462,61160.31355251,8,8,8,8,8,
J1652-51,253.136636,-51.12934,29,21,29,21,60059.38030869,60559.05273421,58271.21350939,60559.05259954,17,17,17,17,17,
J1700-37,255.104356,-37.93553,7,6,7,6,60790.28900876,60894.07680548,60790.28888984,60894.07658603,6,6,6,6,6,
J1719+06,259.946677,6.131325,2,1,2,1,60175.0585172,60175.06903152,60175.05836933,60175.05836933,1,1,1,1,1,
J1737-42,264.47501,-42.56857,9,7,9,7,60791.28418178,61155.22502552,60791.28402419,60859.13851938,7,7,7,7,7,
J1820-62,275.214547,-62.94737,9,8,9,8,60792.39465639,61154.34194255,60792.39452298,61154.34177835,8,8,8,8,8,
J1845-21,281.327302,-20.99925,7,6,7,6,60793.36020589,61160.32878337,56179.03040822,60856.19755028,5,5,5,5,5,
J1853-05,283.4242885,-5.54188,4,2,4,2,60794.37677893,60856.20885843,60794.37657162,60851.3178284,2,2,2,2,2,
J1916-04,289.1833455,-4.9986250000000005,2,5,2,5,60124.28032359,60131.27178472,58276.30891545,60131.27169024,2,2,2,2,2,
J1928-38,292.24242000000004,-38.1411,40,19,40,19,60058.26898868,60544.21634993,58284.2367404,60187.18433168,12,12,13,14,15,
J1932-51,293.1354705,-51.98321,4,4,4,4,60792.38878609,60856.21653507,60792.38853873,60856.21628442,4,4,4,4,4,
J1934-37,293.572647,-37.53574,7,5,7,5,60847.32002007,60946.13659158,60847.31990454,60916.1135109,4,4,4,4,4,
J1934-42,293.603759,-42.38619,1,1,1,1,60131.28094495,60131.28094495,60131.28079607,60131.28079607,1,1,1,1,1,
J1941-56,295.288926,-56.11891,1,1,1,1,60153.13870948,60153.13870948,60153.1384981,60153.1384981,1,1,1,1,1,
J1943-10,295.79849,-10.677254999999999,6,5,6,5,60794.38329435,60916.12173094,60794.38306215,60916.12149538,5,5,5,5,5,
J1945-70,296.287487,-70.01764,7,4,7,4,60792.36001499,60916.12876245,60847.32630664,60916.1285305,3,3,3,3,3,
J1954-23,298.573518,-23.94061,3,7,3,7,60794.41348473,60932.0529637,55811.03418891,60794.41334092,1,1,1,1,1,
J1955-71,298.874089,-71.2612,11,8,11,8,60892.16717095,60971.02455726,55722.31285295,60948.11005428,5,5,5,5,6,
J1959-56,299.7592565,-56.635335,8,6,8,6,60058.2922753,60134.16338773,58290.25992906,60134.15272377,2,2,2,2,2,
J2013-82,303.30881899999997,-82.02621500000001,8,5,8,5,60847.35124215,60946.17652178,60847.35107294,60916.15092423,4,4,4,4,4,
J2027-57,306.915013,-58.63282,1,1,1,1,60131.34693915,60131.34693915,60131.34690482,60131.34690482,1,1,1,1,1,
J2040-41,310.16995199999997,-41.5342,10,8,10,8,60079.36159677,60176.22474921,58282.27370013,60155.18704201,3,3,3,3,4,
J2044-15,311.101695,-15.04214,6,3,6,3,60848.33480564,60932.07844512,60848.3346236,60856.27877573,3,3,3,3,3,
J2046+06,311.682292,6.30396,129,21,129,21,60058.38497761,61159.36274941,58276.39833285,60948.02158712,10,10,10,11,11,
J2052+11,313.22817150000003,11.937535,10,5,10,5,60078.38400071,60160.19844628,60090.34918578,60160.18776768,4,4,4,4,4,
J2054-14,313.584348,-14.16983,9,2,9,2,60825.37342083,60946.16832903,60849.38261685,60893.10433414,2,2,2,2,2,
J2054-32,313.656394,-32.12142,1,1,1,1,60192.09597569,60192.09597569,60192.09572978,60192.09572978,1,1,1,1,1,
J2101-33,315.469237,-33.48255,7,5,7,5,60824.35546097,60932.11618187,60824.355311,60916.18227668,4,4,4,5,5,
J2101-45,315.2574825,-45.11641,38,21,38,21,60056.37009012,60559.08343943,58291.27177507,60281.04085139,9,9,9,9,9,
J2102-32,315.743875,-32.58553,7,5,7,5,60860.30332424,60968.10125554,60857.34694851,60946.05606077,4,4,4,4,4,
J2114-39,318.62386,-39.31425,9,6,9,6,60079.38527047,60515.13171587,60084.38554091,60178.26713356,4,4,4,4,5,
J2119-26,319.93611350000003,-26.35252,6,5,6,5,60860.32809555,60971.12312801,60857.35197634,60946.04726595,3,3,3,3,3,
J2122-32,320.738562,-32.48757,7,7,7,7,60060.3990714,60174.16986469,58277.32395417,60126.30002078,2,2,2,2,2,
J2126-28,321.544637,-28.87947,5,7,5,7,60127.25725718,60548.1267532,58277.34613745,60411.39596817,2,2,2,2,2,
J2131-50,322.763571,-50.84675,9,12,9,12,60849.38914968,60949.12333266,59164.04631457,60949.12309576,8,8,8,8,8,
J2132-40,323.047601,-40.197635,6,5,6,5,60824.3626215,60949.12984808,60855.41469995,60949.12961777,4,4,4,4,4,
J2153-49,328.433487,-49.173225,8,6,8,6,60855.42081856,60949.10385055,60855.42067956,60949.10361666,6,6,6,6,6,
J2155-19,328.899583,-19.40325,7,5,7,5,60860.34680351,60968.11880227,60860.34666586,60949.0857653,4,4,4,4,4,
J2207-41,331.865617,-41.81549,27,15,27,15,60129.27306366,60565.09566756,58282.32729739,60292.04419677,7,7,7,7,7,
J2211-39,332.75734850000003,-39.546895,6,6,6,6,60856.41309965,60968.13692964,60856.41289754,60968.13674168,5,5,5,5,5,
J2215+02,333.791878,2.987765,22,11,22,11,60127.29338109,60211.16737873,60086.40041204,60181.31307462,7,7,7,7,7,
J2217-04,334.491237,-4.86292,1,6,1,6,60192.08281628,60192.08281628,58291.34045325,60192.08275279,1,1,1,1,1,
J2221-19,335.50017,-19.433,7,6,7,6,60856.40671327,60980.02614883,60856.40660425,60980.02756395,5,5,5,5,5,
J2240-09,340.035412,-9.3572,5,13,5,13,60824.36952399,60972.00508743,55811.13246445,60971.13034988,3,3,3,3,3,
J2241-38,340.440173,-38.48246,8,7,8,7,60853.44241051,60969.10284523,60853.44234358,60969.10262856,6,6,6,6,6,
J2319-54,349.94272,-54.71856,9,9,9,9,60824.39597305,60980.03640599,60824.39572206,60980.03619083,8,8,8,8,8,
J2342-47,355.541291,-47.91289,1,1,1,1,60292.07006322,60292.07006322,60292.06983078,60292.06983078,1,1,1,1,1,
J2355-27,358.815375,-27.85999,3,3,3,3,60131.44982645,60238.09259967,59190.06396728,60238.09260516,2,2,2,2,2,
K2-233,230.47927149999998,-20.229264999999998,54,39,54,39,60407.26987999,60461.27866523,58257.2394224,60459.10294382,8,8,8,8,8,
L230-188,62.606494,-53.61933,19,0,19,0,60596.2833294,60927.33088326,,,0,0,0,0,0,
L98-59,124.529131,-68.31537,179,63,179,63,60282.19022211,60378.23994691,58408.35019048,60330.26017193,26,26,26,26,26,
LAWD 14,52.208379,-27.31171,3,6,3,6,61080.03767508,61080.05186619,61080.03742496,61081.03720524,3,3,3,3,3,
LP 485-17,127.6344265,9.78684,4,0,4,0,60796.99578506,60797.01881333,,,0,0,0,0,0,
LP 500-35,217.0147225,13.93355,4,0,4,0,60797.17704809,60797.1884655,,,0,0,0,0,0,
LP 553-59,178.471771,6.99267,4,0,4,0,60797.10112332,60797.11544345,,,0,0,0,0,0,
LP 556-53,191.53527250000002,7.105345,4,0,4,0,60755.20497577,60755.22277914,,,0,0,0,0,0,
LP 684-33,242.743725,-6.52597,3,0,3,0,60755.27148253,60755.28567362,,,0,0,0,0,0,
LP 777-27,82.274704,-16.53817,4,2,4,2,60901.39520642,60948.35696489,60901.39506229,60948.34642809,2,2,2,2,2,
LP 788-1,142.8392035,-17.29355,2,0,2,0,60755.07473721,60755.08299385,,,0,0,0,0,0,
LP 793-34,176.4005355,-20.34944,4,0,4,0,60756.06199323,60756.07902256,,,0,0,0,0,0,
LP 800-58,216.29803299999998,-16.418205,4,0,4,0,60756.10469654,60756.11862964,,,0,0,0,0,0,
LP 860-41,238.18982649999998,-26.38931,2,0,2,0,60755.25864547,60755.2629673,,,0,0,0,0,0,
LP 911-56,206.6866795,-31.823884999999997,2,0,2,0,60756.08889239,60756.09527839,,,0,0,0,0,0,
LP 924-17,289.2704365,-30.322474999999997,4,0,4,0,60797.3262528,60797.35102269,,,0,0,0,0,0,
LP500-35,217.0145205,13.9342,24,0,24,0,60343.36962856,60831.15125248,,,0,0,0,0,0,
LP783-2,115.0944495,-17.415945,16,0,16,0,60597.30211869,60709.0825078,,,0,0,0,0,0,
LP791-18,165.690001,-16.405465,62,10,62,10,60357.30045561,60674.32478634,60357.33077486,60382.27902938,10,10,10,10,10,
LP804-27,243.1733755,-18.876269999999998,80,4,80,4,60037.38858324,60914.01992165,60442.33072898,60569.01303734,4,4,4,4,4,
LP885-35,33.7874965,-30.668264999999998,12,0,12,0,60263.08963796,60309.10997237,,,0,0,0,0,0,
LP888-18,52.8746115,-30.71232,32,0,32,0,60161.41173786,60345.09253308,,,0,0,0,0,0,
LP938-71,15.725152,-37.62607,63,0,63,0,60149.34944783,60927.26269843,,,0,0,0,0,0,
LSPM J0805+0417,121.4867595,4.28432,4,0,4,0,60796.95766183,60796.98165768,,,0,0,0,0,0,
LTT9779,358.66855050000004,-37.62751,46,28,46,28,60131.35590606,61047.05644517,58430.03102182,60976.05705175,8,8,8,9,9,
MASCARA-1,317.549831,10.73837,75,25,75,25,60140.18807969,60501.39147174,60140.26091129,60501.19284358,25,25,25,25,25,
MASCARA-4,147.57885,-66.11376,349,142,349,142,60402.98340238,60726.27019121,60402.98320884,60403.25032538,142,142,142,142,142,
NAME Proxima Centauri,217.3680205,-62.675155,14,69,14,69,60045.34171192,61163.22673689,60097.20820149,61163.22704224,10,10,10,10,10,
NGC 2682    90,132.808917,11.74902,4,3,4,3,61078.14911097,61080.17791368,61078.14886812,61080.16714811,3,3,3,3,3,
NGC 2682   124,132.83218649999998,11.78445,2,1,2,1,61080.24790414,61080.25732188,61080.24773744,61080.24773744,1,1,1,1,1,
NGC 2682   131,132.835221,11.8893,11,4,11,4,61078.16691478,61081.06523511,61078.16670815,61081.0567287,4,4,4,4,4,
NGC2345No50,107.111415,-13.20896,13,7,13,7,60040.99050702,60819.93942814,58088.33662408,60394.11486353,4,4,4,4,4,
NGC2423No3,114.287653,-13.9061,13,18,13,18,60040.99463569,60819.94671771,53692.35855925,60391.12718711,1,1,1,1,1,
NGC3114No223,151.389678,-60.05003,19,5,19,5,60042.0682122,60854.0143407,59371.01314642,60394.24428636,4,4,4,4,4,
NGC3114No283,150.26363750000002,-60.29338,24,19,24,19,60045.18399092,60863.95924882,58201.04621918,60459.0097347,11,11,11,11,11,
NGC3114No6,150.223933,-60.22688,27,28,27,28,60043.00838334,60863.95608777,53461.1725012,60403.26370727,9,9,9,9,9,
NGC3532No221,166.621798,-58.67505,28,13,28,13,60038.10562721,60864.03040016,56473.98726316,60459.04232656,10,10,10,10,10,
NGC3532No649,165.603913,-58.76045,29,23,29,23,60045.18747458,60860.03626035,54196.11585265,60459.06913037,10,10,10,10,10,
NGC3532No670,166.98821149999998,-58.290895,20,12,20,12,60038.11149776,60896.96237704,56389.06469529,60485.06655099,5,5,5,5,5,
NGC3680No26,171.407366,-43.26749,19,8,19,8,60044.22090806,60855.95837673,58201.18937405,60457.10140359,5,5,5,5,5,
NGC3680No34,171.409829,-43.232780000000005,14,9,14,9,60045.19166785,60837.09318346,56395.09706864,60402.2234778,4,4,4,4,4,
NGC3680No41,171.450897,-43.16446,13,9,13,9,60042.0913706,60855.97295539,56391.18705736,60370.36433322,2,2,2,2,2,
NGC3680No53,171.6513755,-43.253265,18,10,18,10,60045.20585948,60863.98969629,56393.14077094,60487.05437124,3,3,3,3,3,
NGC4349No127,186.145561,-61.82031,13,17,13,17,60042.23651175,60901.9839774,53449.27683464,60388.16098218,3,3,3,3,3,
NGC5822No375,225.814831,-54.27756,27,13,27,13,60037.12539939,60878.07962632,56509.00648866,60567.97792185,5,5,5,5,5,
NGC6705No1364,282.738364,-6.22798,7,1,7,1,60046.34130405,60405.39049864,60183.12041119,60183.12041119,1,1,1,1,1,
NGC6705No160,282.915899,-6.28635,9,5,9,5,60046.35594734,60406.35733942,60051.39123805,60167.02659869,5,5,5,5,5,
NGTS-33,107.832843,-35.848025,30,19,30,19,61100.03179891,61100.23757,61100.03171574,61100.16338637,19,19,19,19,19,
NIGHT SKY,37.500209,-46.58333,12,0,12,0,60585.26804834,60585.34809934,,,0,0,0,0,0,
NLTT_5556,24.841916,-39.6028,31,0,31,0,60521.27559171,60916.29945117,,,0,0,0,0,0,
Night sky-HE_NIRPSonly,191.37527699999998,-39.81778,46,4,46,4,60557.93995341,61191.27149599,60750.22445659,60836.14289583,0,1,1,1,1,
Night sky-sky - HA,191.375154,-39.81778,36,4,36,4,60095.19017129,60836.17856992,60750.22445659,60836.14289583,3,4,4,4,4,
Night sky-sky HE,228.9584655,-39.81778,52,0,52,0,60095.2355187,61042.04726522,,,0,0,0,0,0,
PM J06107-3346,92.6920095,-33.76716,4,0,4,0,60755.01771355,60755.03900019,,,0,0,0,0,0,
PM J12552-5928,193.799201,-59.47542,3,0,3,0,60755.23639067,60755.24825958,,,0,0,0,0,0,
PM J17189-4131,259.725643,-41.534255,2,0,2,0,60755.35308343,60755.35843734,,,0,0,0,0,0,
Proxima,217.370142,-62.67494,659,75,659,75,60036.31507202,61200.38906456,60119.18086537,61163.22704224,62,62,62,65,69,
Proxima-HA,217.3696665,-62.67573,12,65,12,65,60119.19000244,60123.14765522,60097.20820149,60749.28282788,9,9,9,9,9,
Proxima-HE,217.369774,-62.67562,10,65,10,65,60119.18097111,60123.15481563,60097.20820149,60749.28282788,8,8,8,9,9,
Ross 614,97.349484,-2.81992,1,1,1,1,60950.31398987,60950.31398987,60950.31375589,60950.31375589,1,1,1,1,1,
SCR J0420-7005,65.055966,-70.09627499999999,2,0,2,0,60755.04990204,60755.05931976,,,0,0,0,0,0,
SCR J0642-4402,100.5453225,-44.040225,4,1,4,1,60932.37112078,60948.3821869,60948.37144247,60948.37144247,1,1,1,1,1,
SCR J1841-4347,280.283219,-43.79303,3,0,3,0,60797.20278694,60797.21001152,,,0,0,0,0,0,
SCR J1855-6914,283.959739,-69.2428,5,0,5,0,61217.06784262,61217.09622483,,,0,0,0,0,0,
SIPS J1039-4110,159.825835,-41.17651,5,0,5,0,61184.04082064,61184.06920288,,,0,0,0,0,0,
SIPS J1203-3339,180.763221,-33.66235,7,0,7,0,60462.95584401,60730.18507177,,,0,0,0,0,0,
SIPS J1607-0442,241.87994,-4.70294,4,0,4,0,60797.22001063,60797.24323241,,,0,0,0,0,0,
SIPS J1712-0323,258.015514,-3.39205,3,0,3,0,60755.32095924,60755.33863359,,,0,0,0,0,0,
SIPS J1848-8214,282.183224,-82.24786,4,0,4,0,60797.25697275,60797.27535668,,,0,0,0,0,0,
SIPS J2002-5425,300.5541855,-54.4361,4,0,4,0,60797.39075895,60797.41127154,,,0,0,0,0,0,
SKY-SKY,346.62463949999994,-5.04429,16,7,15,7,60103.34044935,60893.23961813,60103.34021599,60502.2404372,3,3,3,3,3,
SKY_SKY_04_10,346.624458,-5.04428,2,7,2,7,60221.1033065,60222.00168005,60103.34021599,60502.2404372,2,2,2,2,2,
Source 5985290231327158144,235.203233,-51.02908,3,0,3,0,60755.36798464,60755.37520921,,,0,0,0,0,0,
Star S5,219.841394,-60.83045,9,5,9,5,60386.36024692,60386.41049781,60175.0224127,60175.02436176,0,0,0,0,0,
TIC 49254857,204.541252,-28.141985,20,13,20,13,60440.15469715,60440.33099013,60108.05566446,60440.2580225,6,6,6,6,6,
TIC107012050,162.049076,-39.94148,13,0,13,0,60069.07819143,60411.07477607,,,0,0,0,0,0,
TIC151584725,88.304181,-45.08648,79,5,79,5,60247.2387194,60929.40226283,60247.23867412,60569.39338034,5,5,5,5,5,
TIC165227846,178.8175565,-40.152730000000005,18,4,18,4,60036.0838702,60061.08153819,60038.25005964,60061.07085609,4,4,4,4,4,
TIC248223026,194.779414,-43.60757,25,0,25,0,60050.13737517,60881.00612974,,,0,0,0,0,0,
TIC251109532,38.829888,-3.56084,1,2,1,2,60248.16372964,60248.16372964,60245.24289095,60248.16356753,1,1,1,1,1,
TIC267399383,175.881166,-57.98388,11,5,11,5,60122.07035537,60849.00260279,60373.31603826,60441.12620952,5,5,5,5,5,
TIC277539431,163.816366,-73.936125,8,0,8,0,60069.0881901,60425.12210532,,,0,0,0,0,0,
TIC304392811,352.8393045,-27.824125000000002,8,0,8,0,60267.10624636,60276.09743433,,,0,0,0,0,0,
TIC318801864,110.013259,-8.780055,20,0,20,0,60267.28938197,60407.9889595,,,0,0,0,0,0,
TIC355881602,138.1444285,-53.53099,8,4,8,4,60802.95927961,60821.01640147,60802.95911612,60821.00585668,4,4,4,4,4,
TIC379137299,206.866269,6.31586,9,0,9,0,60068.08666997,60849.02485796,,,0,0,0,0,0,
TIC426556482,281.254783,-14.149809999999999,4,2,4,2,60201.07269201,60409.3662771,60201.07245373,60409.36067627,2,2,2,2,2,
TIC427346731,83.4988865,-2.357145,48,5,48,5,60245.3096701,60927.39648707,60251.3486281,60567.35081466,5,5,5,5,5,
TIC45500299,179.92947850000002,-76.01988,70,16,70,16,60418.12221618,60506.96584143,60423.16670301,60492.98137749,16,16,16,16,16,
TIC464378628,281.3037895,-63.96119,8,0,8,0,60099.37188108,60226.04355794,,,0,0,0,0,0,
TIC464410508,281.71682999999996,-62.17754,116,29,116,29,60096.31229969,60941.06687179,60180.13669601,60569.09594351,28,28,28,29,29,
TIC5630425,178.924595,-22.41606,9,0,9,0,60073.11970502,60395.30278988,,,0,0,0,0,0,
TIC71274771,330.56687650000003,-42.175129999999996,48,8,48,8,60120.43366867,60941.13454089,60149.28707362,60247.02349289,8,8,8,8,8,
TIC72254026,236.669881,-55.58234,29,0,29,0,60043.34911334,60928.0206042,,,0,0,0,0,0,
TIC87216644,302.800575,16.18802,20,2,20,2,60101.34279072,60864.29894472,60183.1336037,60461.35739611,2,2,2,2,2,
TOI-1078,306.929113,-56.46537,163,44,163,44,60046.36846184,60640.0285806,58798.08580516,60573.1310844,41,41,41,41,41,
TOI-1080,276.36350849999997,-52.217895,6,3,6,3,60048.36183909,60053.38200715,60048.36153596,60053.37141515,3,3,3,3,3,
TOI-1130,286.3756475,-41.436305000000004,124,32,124,32,60494.2253036,60853.41015472,58744.0019984,60494.29830484,11,11,11,11,11,
TOI-1227,186.7609905,-72.45327,28,2,28,2,60036.24211358,60103.9861354,60051.14773595,60097.09116463,2,2,2,2,2,
TOI-125,23.5920795,-66.677075,28,60,28,60,60648.0737725,60648.26535243,58385.14568373,58641.4237664,0,0,0,0,0,
TOI-136,340.49314100000004,-69.17501999999999,8,0,8,0,60604.05934286,60610.03614404,,,0,0,0,0,0,
TOI-175,124.531187,-68.32014,123,29,123,29,60045.98063563,60046.14544896,60045.98591116,60046.13893343,29,29,29,29,29,
TOI-177,20.4374395,-46.71436,162,53,162,53,60254.25253545,60685.0659256,58452.15267844,60573.17986306,9,9,9,13,17,
TOI-178,7.30284,-30.45158,47,14,47,14,60530.2401985,60548.32852674,58436.12024449,60548.334768,13,13,13,13,13,
TOI-1881,110.368551,-45.5674,13,8,13,8,60402.11055024,60438.98437453,60402.1104625,60461.97520496,5,5,6,6,7,
TOI-1997,181.63168100000001,-31.642409999999998,8,4,8,4,60448.08949066,61089.33621332,60448.08935763,61089.33607872,4,4,4,4,4,
TOI-206,73.736017,-62.52185,9,0,9,0,60928.34199092,60935.30329841,,,0,0,0,0,0,
TOI-210,88.9580235,-73.98441,210,4,210,4,60263.16917613,60745.02960864,60568.35076213,60573.31567277,4,4,4,4,4,
TOI-2109,253.184269,16.57789,378,6,378,6,60064.21051907,60855.22380599,60064.33134328,60064.36792508,6,6,6,6,6,
TOI-2123,243.940065,17.02527,10,28,10,28,60402.36651399,60416.33479528,60402.36646066,60504.08865561,6,6,6,7,7,
TOI-2142,267.0462315,15.981695,52,4,52,4,60442.30074847,60809.32783023,60442.30050473,60547.99996862,4,4,4,4,4,
TOI-222,359.162151,-44.719300000000004,8,17,8,17,60124.42998763,60566.19875149,58772.12798367,60535.26134393,4,4,4,4,4,
TOI-2322,116.964703,-71.00165,56,11,56,11,60953.3596852,61054.09593831,59932.24293219,61052.14185794,9,9,9,9,9,
TOI-2341,306.8409655,-53.221595,2,0,2,0,60276.02460613,60276.03512044,,,0,0,0,0,0,
TOI-2352,87.372698,-25.3753,22,8,22,8,60402.04662432,61084.17066913,60316.21630154,61084.16009879,4,4,4,4,4,
TOI-2407,49.744728,-46.45775,171,22,171,22,60183.35517567,60612.32292955,60185.31430064,60572.27753666,22,22,22,22,22,
TOI-240A,14.754622999999999,-44.16081,2,0,2,0,60868.35503766,60868.36555196,,,0,0,0,0,0,
TOI-2455,64.2400305,14.76953,6,0,6,0,60263.1942691,60269.20173397,,,0,0,0,0,0,
TOI-253A,14.318153,-51.58539,25,9,25,9,60848.41363685,60938.17660117,56232.01521735,60926.35548547,0,1,1,1,1,
TOI-2607,86.0184225,-59.94601,4,3,4,3,60402.00146951,60406.10834045,60402.00133765,60405.06413369,3,3,3,3,3,
TOI-2626,113.560222,-67.74795,37,15,37,15,61046.06649787,61159.99676366,61050.31590924,61159.98948484,15,15,15,15,15,
TOI-2673A,130.93565949999999,-26.97957,2,4,2,4,60642.24432582,60642.25142137,59903.27173997,59934.29800674,0,0,0,0,0,
TOI-270,68.41518,-51.95858,239,36,239,36,60268.25630661,60670.26497532,58501.1259972,60302.2990462,7,7,7,7,7,
TOI-2722,66.4126615,-43.71902,16,5,16,5,60517.35801033,61086.09837577,61013.21661503,61086.08784243,4,4,4,4,4,
TOI-2781,87.8183095,-13.378515,12,3,12,3,60169.41237666,60261.25380214,60255.2960301,60261.23498104,3,3,3,3,3,
TOI-2814,116.249344,-48.75132,1,5,1,5,60467.99658518,60467.99658518,60286.26088176,60467.99638318,1,1,1,1,1,
TOI-286,90.9821515,-60.666415,84,16,84,16,60953.33317323,61053.3237537,58502.14016617,61053.30779867,14,14,14,14,14,
TOI-2911A,129.0810945,-46.366035,20,0,20,0,60815.01270139,60847.98252343,,,0,0,0,0,0,
TOI-2952,134.1908,-68.51033,38,8,38,8,60269.24753411,60642.29715697,60367.23469647,60386.17787122,8,8,8,8,8,
TOI-2991,164.35752250000002,-34.68812,40,12,40,12,61047.18694722,61161.16586699,61050.201509,61155.15401448,12,12,12,12,12,
TOI-3288,297.110055,-43.01582,51,10,51,10,60427.36458756,60520.16777506,60443.35364169,60520.14873568,10,10,10,10,10,
TOI-3321,265.754729,-65.010095,20,0,20,0,61233.99322752,61234.21506017,,,0,0,0,0,0,
TOI-333,353.3583185,-41.170185000000004,52,21,52,21,60442.36099858,60536.28781136,59762.36503469,60536.27599025,17,17,18,18,18,
TOI-3397,122.216082,-28.93717,56,9,56,9,60263.2759988,60611.31415302,60334.25843617,60573.37344661,9,9,9,9,9,
TOI-3463,221.83821749999998,-60.547084999999996,2,1,2,1,60040.32035935,60040.33145443,60040.31997479,60040.31997479,1,1,1,1,1,
TOI-3494,204.3905765,-37.182559999999995,164,3,164,3,60036.33274765,60885.06042569,60459.189763,60519.03770521,3,3,3,3,3,
TOI-3884,181.571223,12.50686,65,4,65,4,60074.03240414,60792.19732791,60351.26701983,60351.33066082,4,4,4,4,4,
TOI-406,49.260291,-42.24439,111,27,111,27,60181.40283646,60385.00710631,60181.4027082,60339.08975855,27,27,27,27,27,
TOI-4336,206.10656,-40.335044999999994,38,10,38,10,60400.37918762,60515.04353405,60402.31594542,60515.03288654,10,10,10,10,10,
TOI-4342,324.377345,-77.97711,33,23,33,23,60180.20020467,60232.03457213,60180.20005996,60230.05817152,23,23,23,23,23,
TOI-4381,263.16378599999996,-64.353755,12,0,12,0,61222.15105408,61222.2794833,,,0,0,0,0,0,
TOI-4461,279.144099,16.448765,30,4,30,4,60064.38023323,60085.30197984,60064.37995827,60073.3511963,4,4,4,4,4,
TOI-4508,69.614935,-31.18753,111,0,111,0,60623.18794052,60931.31457526,,,0,0,0,0,0,
TOI-4552,264.711141,-47.63882,111,19,111,19,60042.37816963,60609.01207935,60096.26465077,60569.07274868,19,19,19,19,19,
TOI-4565,270.107237,-48.47456,101,0,101,0,60804.35276718,60936.09853934,,,0,0,0,0,0,
TOI-4616,14.8143175,13.858450000000001,18,4,18,4,60149.36415602,60161.34800273,60149.36395187,60155.34425703,4,4,4,4,4,
TOI-4666,56.2907995,-39.062995,64,9,64,9,60149.39647359,60545.30331329,60149.39622555,60212.25817799,9,9,9,9,9,
TOI-4979,181.4785255,-71.58487,20,15,20,15,60402.26007856,60439.15990286,60402.26001366,60450.12419913,12,12,12,13,13,
TOI-5007,236.061958,-61.04561,2,1,2,1,60040.34829116,60040.35880551,60040.34798412,60040.34798412,1,1,1,1,1,
TOI-5053,285.6519425,-77.582165,34,10,34,10,60960.09300661,61157.36294427,61128.38354103,61155.36692532,10,10,10,10,10,
TOI-5155,18.423969,3.0992100000000002,50,7,50,7,60167.33270848,60932.30880677,60168.37249474,60230.22236349,7,7,7,7,7,
TOI-5295,349.287349,-9.4333,11,3,11,3,60121.42409405,60153.25940143,60121.42396768,60150.35567231,3,3,3,3,3,
TOI-5486,190.5502455,3.7900549999999997,50,0,50,0,60696.33987814,60876.00414756,,,0,0,0,0,0,
TOI-5511,141.992344,4.21371,5,0,5,0,60276.27631214,60298.30817438,,,0,0,0,0,0,
TOI-5524,156.405801,2.51529,137,10,137,10,60362.24774045,60859.96865666,60371.25774455,60405.16267885,10,10,10,10,10,
TOI-562,144.00688150000002,-21.664875000000002,2,5,2,5,60738.19711536,60738.2042109,53815.21318552,56336.28247603,0,0,0,0,0,
TOI-5662,191.0848275,5.69055,20,0,20,0,60739.30713482,60792.06354409,,,0,0,0,0,0,
TOI-5889,311.208168,8.84883,32,3,32,3,60959.09596073,61161.37036048,61148.38261606,61154.36661577,3,3,3,3,3,
TOI-611A,122.0336385,-28.065025,12,0,12,0,60642.22774767,60652.27509035,,,0,0,0,0,0,
TOI-612,110.880777,-37.83403,15,9,15,9,60402.12435474,60438.99753391,60405.09044849,60449.9637574,5,5,5,6,6,
TOI-663,160.0650905,-8.51346,14,7,14,7,60041.06127307,60073.05745463,58917.25060141,60068.12259067,3,3,3,3,3,
TOI-667,153.70396499999998,-47.153755000000004,166,35,166,35,60038.05930855,60494.99843309,57365.30588218,60490.00242863,31,31,31,31,31,
TOI-672,167.989282,-39.32955,50,3,50,3,60036.10567398,60506.98422592,60051.12950551,60120.04362724,3,3,3,3,3,
TOI-674,164.5863695,-36.85643,26,0,26,0,60829.01211825,60876.99959976,,,0,0,0,0,0,
TOI-684,150.432925,-59.85084,37,27,37,27,60708.27536086,60754.32325094,60707.26267584,60754.15066487,24,24,24,26,27,
TOI-6898,333.156077,-24.20647,55,0,55,0,60806.40717165,60941.19582331,,,0,0,0,0,0,
TOI-696,68.181753,-39.79162,9,9,9,9,60879.41036084,60885.39767755,58804.34108856,58914.000089,0,0,0,0,0,
TOI-703A,57.9988165,-59.8833,18,0,18,0,60642.14330821,60676.13153075,,,0,0,0,0,0,
TOI-713,102.01843600000001,-65.624165,106,7,106,7,60953.28666452,61053.176483,60959.30864964,61050.27111897,7,7,7,7,7,
TOI-732,154.643138,-11.71952,37,14,37,14,60036.13966954,60276.31772471,58655.98331996,60120.97186165,10,10,10,10,10,
TOI-756,192.101589,-45.469319999999996,218,26,218,26,60038.29477481,60878.02144147,60329.33329332,60518.01670026,26,26,26,26,26,
TOI-771,164.110612,-72.988635,20,3,20,3,60036.05561595,60074.01640613,60049.1890193,60063.12971987,3,3,3,3,3,
TOI-782,183.919919,-18.908835,114,0,114,0,60038.26774633,60877.02637008,,,0,0,0,0,0,
TOI-837,157.03720399999997,-64.505285,62,51,62,51,60355.22705164,60763.2781028,59877.36948395,60355.35684603,25,25,25,25,25,
TOI-906,239.825278,-49.36543,29,24,29,24,60402.39309079,60468.21816527,60402.39293693,60468.21806846,18,18,19,20,20,
TOI-912,229.32055250000002,-80.47073499999999,10,10,10,10,60379.37442231,60387.3654071,58694.99901772,60387.35469109,5,5,5,5,5,
TOI-939,63.783807,-7.31805,1,0,1,0,61222.41791238,61222.41791238,,,0,0,0,0,0,
TOI-969,115.136542,2.10037,93,65,93,65,60289.22439621,60672.29416396,59183.29178933,60672.27953421,47,53,53,53,53,
TRAPPIST-1,346.628221,-5.04233,161,7,161,7,60103.353287,60893.32831346,60180.29015339,60259.07887321,7,7,7,7,7,
TRAPPIST-1_03_10_03h41UT,346.6268575,-5.041235,2,3,2,3,60221.11007997,60221.11949769,60194.16553858,60221.10994867,1,1,1,1,1,
TRAPPIST-1_04_10_03h41UT,346.626223,-5.04421,10,2,10,2,60222.00858254,60222.09334202,60103.35314554,60222.00839822,1,1,1,1,1,
TWA7,160.623519,-33.670215,32,23,32,23,60036.12334892,60428.14664475,53413.29594203,60418.16985075,12,12,12,12,13,
TYC 183-755-1,115.134506,2.09789,7,23,7,23,60289.18182226,60289.21394575,59183.19637932,60672.141038,0,0,0,0,0,
TYC 4980-1327-1,216.808493,-4.34083,17,5,17,5,60420.28997359,60898.0013196,60420.28975623,60820.21058765,5,5,5,5,5,
TYC 5706-1635-1,284.455087,-7.80553,17,16,17,16,60490.18949769,60941.01745866,60490.18945822,60931.02394154,12,12,12,12,12,
TYC 7807-976-1,211.77802400000002,-40.31567,4,3,4,3,60461.25137879,60531.02467964,60498.04449003,60531.02463267,3,3,3,3,3,
TYC 7954-27-1,309.3683185,-39.8702,26,21,26,21,60418.38728469,60948.14770152,60423.38488767,60948.13696031,16,16,16,16,17,
TYC 8547-22-1,99.24508700000001,-58.45902,12,11,12,11,60302.13026188,60398.10266705,60221.32743312,60398.09746662,6,6,6,8,8,
TYC 9235-1732-1,181.478353,-71.5848,11,15,11,15,60407.15582937,60450.12444949,60402.26001366,60450.12419913,3,3,3,7,9,
TYC 9361-870-1,31.708597,-81.24804,15,4,15,4,60536.0415889,60536.25420299,60536.0413531,60536.22950478,4,4,4,4,4,
TYC_8547-22-1,99.244135,-58.459985,12,9,12,9,60221.3276027,60385.14560539,60221.32743312,60398.08146721,5,5,5,7,7,
TYC_8829-111-1,341.239035,-58.26714,2,1,2,1,60225.15500342,60272.08536236,60225.15494278,60225.15494278,1,1,1,1,1,
Tau-Boo,206.81156199999998,17.457825,2,1,2,1,60370.3386796,60393.26036273,60370.33856813,60370.33856813,1,1,1,1,1,
Tau3Eridani,45.5947975,-23.62637,60,56,60,56,60322.14386226,60322.20094992,53601.3416575,60322.19896704,53,53,53,53,53,
TauBoo,206.80796700000002,17.453049999999998,298,81,298,81,60065.09247901,60095.15152939,60065.1391563,60095.0831284,81,81,81,81,81,
UCAC4 258-045223,145.87277749999998,-38.56492,2,0,2,0,60755.12505227,60755.13330891,,,0,0,0,0,0,
UCAC4 293-070125,187.563843,-31.39978,3,0,3,0,60755.17859256,60755.19278366,,,0,0,0,0,0,
UCAC4 459-124161,339.79935,1.6882,15,0,15,0,61234.24615398,61234.42560872,,,0,0,0,0,0,
Uranus,50.576809,18.26228,1,1,1,1,60704.01376545,60704.01376545,60704.013562,60704.013562,1,1,1,1,1,
V AF Lep,81.7683405,-11.899415000000001,62,41,62,41,60279.27754413,60289.12208398,53311.30667139,60287.19381997,39,39,39,39,39,
V CY Vel,137.10068,-53.49438,3,6,3,6,61080.20145935,61080.21565047,61078.29356742,61080.21741498,3,3,3,3,3,
V FG Ser,273.7802535,-0.31551,10,0,10,0,61179.34285062,61179.40671059,,,0,0,0,0,0,
V KQ Vel,163.7498725,-42.250515,4,2,4,2,61212.94086431,61214.93856942,61212.94068714,61214.93840765,2,2,2,2,2,
V R TrA,229.939131,-66.49573,45,16,45,16,60352.25760383,60420.17282718,53150.14532653,60420.1759411,9,9,9,9,9,
V RS Pup,123.266422,-34.577704999999995,54,17,54,17,60325.08352955,60420.13386343,53051.13896914,60420.08871877,13,13,13,13,13,
V RZ Vel,129.254418,-44.11481,51,18,51,18,60325.07153065,60420.15624836,53149.98692965,60420.11888086,13,13,13,13,13,
V V1129 Cen,189.7820345,-45.562125,10,5,10,5,61078.14182107,61080.38511054,53778.31307837,61080.27419752,4,4,4,4,4,
V V686 CrA,284.16549150000003,-37.341570000000004,2,2,2,2,61213.22236705,61215.19995189,61213.22214468,61215.19971335,2,2,2,2,2,
V VY Pyx,133.62338499999998,-23.51977,2,10,2,10,61078.27980309,61080.02935295,57900.96266272,61080.03118699,2,2,2,2,2,
WASP-107,188.3865895,-10.144135,274,51,274,51,60084.00671047,60805.15899062,56754.11664949,60456.1275578,19,19,19,19,19,
WASP-121,107.599449,-39.09688,413,203,413,203,60286.08884052,60737.20991964,58119.27295981,60359.19438345,160,160,160,160,160,
WASP-127,160.55961000000002,-3.8332,236,92,236,92,60369.08680525,60787.20622446,57812.14625884,60436.11162187,38,38,38,38,38,
WASP-139,49.561662999999996,-41.30085,38,12,38,12,60644.11484739,60650.23256693,56927.28665551,57035.07779725,0,0,0,0,0,
WASP-166,144.87547949999998,-20.980719999999998,196,102,196,102,60380.03537741,60712.33101347,57522.99141588,60380.21209301,4,4,4,4,4,
WASP-17,239.963878,-28.06327,5,4,5,4,60057.1490023,60057.18202886,60057.14880928,60057.18118424,4,4,4,4,4,
WASP-178,227.2689395,-42.7094,136,46,136,46,60037.1333341,60047.41042597,60037.13317804,60037.3765081,46,46,46,46,46,
WASP-18,24.351681,-45.678354999999996,36,37,36,37,60192.16551566,60206.08754004,54699.20181426,60192.35638983,28,28,28,28,28,
WASP-189,225.68668150000002,-3.03032,938,184,938,184,60059.09511726,60812.29860596,58201.23400068,60477.20029725,38,38,38,38,38,
WASP-193,164.349743,-29.99499,101,16,101,16,60392.00321553,60748.29925393,60392.20072816,60442.10219435,16,16,16,16,16,
WASP-20,5.161168,-23.93262,33,3,33,3,60933.15516065,60933.30133123,54702.31400872,54762.11555976,0,0,0,0,0,
WASP-29,357.879356,-39.90542,57,0,57,0,60925.1832397,60925.38552792,,,0,0,0,0,0,
WASP-34,165.3988695,-23.8591,64,14,64,14,60436.98956924,60752.3325789,56023.17395254,60437.13010565,5,5,5,5,5,
WASP-34b,165.39802650000001,-23.857395,22,18,22,18,60411.08529084,60411.23429723,60411.0851962,60437.10816124,14,14,14,14,14,
WASP-43,154.9089345,-9.80241,32,61,32,61,60423.00604403,60458.06918549,56005.01746155,60458.00933595,17,17,17,17,17,
WASP-52,348.493639,8.76185,51,18,51,18,60491.27183332,60869.35588154,58017.11750331,60498.33209724,5,5,5,5,5,
WASP-52_09_10_01h20UT,348.493098,8.76117,19,17,19,17,60227.05945636,60227.18717616,57996.08609556,60498.32246765,9,9,9,9,9,
WASP-57,223.8175905,-2.056285,14,2,14,2,61221.97430885,61222.12608897,61221.97408655,61221.98825078,2,2,2,2,2,
WASP-69,315.025416,-5.09332,263,43,263,43,60119.23999691,60885.12964156,56100.31392035,60533.2915264,36,36,36,36,36,
WASP-72,26.634223,2.69905,75,106,75,106,60615.02148965,60626.35013457,56243.15234662,58373.35511685,0,0,0,0,0,
WASP-76,26.632286,2.70077,511,147,511,147,60229.10780048,60934.4039446,56243.02168905,60250.28177424,61,61,61,61,61,
WASP-77A,37.154865,-7.05799,43,33,43,33,60260.05069886,60260.20241485,57328.21003893,60260.2003599,32,32,32,32,32,
WASP-80,303.166419,-2.1422049999999997,102,2,102,2,60122.24846298,60843.34290595,60122.32010881,60122.33206352,2,2,2,2,2,
WASP-94A,313.7843105,-34.134535,86,21,86,21,60915.01465538,60915.32169973,57585.19971903,57585.34586441,0,0,0,0,0,
WASP-96,1.045396,-47.36065,89,5,89,5,60162.25700385,60604.2832415,60169.16084608,60532.30802566,5,5,5,5,5,
WD1022+050,156.24854299999998,4.77215,4,4,4,4,61078.19691122,61078.2181979,61078.19681659,61078.22102956,4,4,4,4,4,
WG 15,149.730063,-66.88512,18,15,18,15,61078.32392724,61080.35059836,61078.32370041,61080.3510738,15,15,15,15,15,
WT 460,212.98336,-41.53907,2,0,2,0,60797.13034538,60797.13395767,,,0,0,0,0,0,
WT 887,333.461436,-63.7089,5,0,5,0,61217.14854389,61217.1769261,,,0,0,0,0,0,
a Cen,215.75562,-39.51002,1,1,1,1,61213.13057562,61213.13057562,61213.13036334,61213.13036334,1,1,1,1,1,
alf Cen A,219.8496905,-60.83166,20,675,20,675,60386.32792618,60386.33160326,59972.37769706,60560.00083033,20,20,20,20,20,
bet Dor,83.405358,-62.49088,37,11,37,11,60325.06617614,60420.06780601,60352.21730275,60420.02234123,10,11,11,11,11,
e Eri,50.012696500000004,-43.06402,20,72,20,72,60585.16573175,60585.17721433,59807.30388399,60950.29610408,6,6,6,6,6,
eps Ind,330.891078,-56.80441,63,4,63,4,60798.41987252,61203.30500078,60845.42902937,60937.15627333,4,4,4,4,4,
gam Equ,317.581616,10.129760000000001,4,6,4,6,61213.41246751,61215.43707755,53581.18802721,61215.41439166,3,3,3,3,3,
l Car,146.3112045,-62.50796,60,101,60,101,60325.07959427,60420.18398762,53015.21882691,60420.18494553,33,33,33,33,33,
nu. Gru,337.162961,-39.13128,21,12,21,12,60792.37878709,60915.34079457,60792.37859211,60873.31524646,12,12,12,12,12,
rho Gru,340.87391049999997,-41.41399,48,16,48,16,60792.3838188,60915.33776254,60792.38355188,60913.22597908,15,15,15,16,16,
tau Cet,26.0058275,-15.930665,20,348,20,348,60585.14366969,60585.16160294,56248.15385488,60585.16150373,20,20,20,20,20,
