target,held_out_run,n_retained,period,median_k_transfer,worst_phase_k_transfer
HD 10476,RUN1,88,5.0,0.9923482873691244,0.9722945219129293
HD 10476,RUN1,88,10.0,0.9918189997781846,0.982891743548792
HD 10476,RUN1,88,30.0,0.9911262510804324,0.9910409504799236
HD 10476,RUN1,88,100.0,0.9153323690564282,0.6219715815778858
HD 10476,RUN1,88,300.0,0.8024598240699861,0.7894483090894544
HD 10476,RUN1,88,500.0,0.9198519479302476,0.31302066564713404
HD 10476,RUN2,51,5.0,0.9652368651848207,0.9474962595235793
HD 10476,RUN2,51,10.0,0.9681133654521015,0.9150930358395432
HD 10476,RUN2,51,30.0,0.9464790217276318,0.9413426567474652
HD 10476,RUN2,51,100.0,0.9671843814566017,0.865501024086203
HD 10476,RUN2,51,300.0,0.9295101829708511,0.8212854392126787
HD 10476,RUN2,51,500.0,0.8794907284861357,0.8431930292298776
HD 10700,RUN0.5,590,5.0,0.9932447354440517,0.9922648192558486
HD 10700,RUN0.5,590,10.0,0.9976223940635252,0.9937424625046167
HD 10700,RUN0.5,590,30.0,0.9989498953396283,0.9979684948206913
HD 10700,RUN0.5,590,100.0,0.9608008353393251,0.9504668273499512
HD 10700,RUN0.5,590,300.0,0.7258625163103472,0.2634054510937031
HD 10700,RUN0.5,590,500.0,0.8639040425424617,0.189181564792124
HD 10700,RUN1,388,5.0,0.9838424257836906,0.961792946031867
HD 10700,RUN1,388,10.0,0.9553860339313948,0.94708748909507
HD 10700,RUN1,388,30.0,0.9739261120417679,0.9616130488629044
HD 10700,RUN1,388,100.0,0.9840734719034887,0.9549372687390829
HD 10700,RUN1,388,300.0,0.7136806338781452,0.6475507078099774
HD 10700,RUN1,388,500.0,0.9717882587757405,0.9130915361991889
HD 10700,RUN2,226,5.0,0.9473990386163014,0.9398806385643459
HD 10700,RUN2,226,10.0,0.9241188772041335,0.886051457851235
HD 10700,RUN2,226,30.0,0.9561448064763853,0.9490673000787367
HD 10700,RUN2,226,100.0,0.9594605332885111,0.9066564184210496
HD 10700,RUN2,226,300.0,0.8857047725794748,0.8833364934376859
HD 10700,RUN2,226,500.0,0.7776664337733302,0.16320387556227256
HD 10780,RUN1,60,5.0,0.9902978884452975,0.9757888373760512
HD 10780,RUN1,60,10.0,0.9798411094308589,0.972351713623283
HD 10780,RUN1,60,30.0,0.9168822891677025,0.8879708468789775
HD 10780,RUN1,60,100.0,0.9568588494463739,0.9538655679197218
HD 10780,RUN1,60,300.0,0.9059890085060316,0.8231140694723035
HD 10780,RUN1,60,500.0,0.9561461750929736,0.9224340976089583
HD 10780,RUN2,32,5.0,0.9954155411202046,0.9901743042514436
HD 10780,RUN2,32,10.0,0.9535308128874238,0.9480700279100189
HD 10780,RUN2,32,30.0,0.9875943514824599,0.9665060974598743
HD 10780,RUN2,32,100.0,0.9665384532667818,0.9242180925933263
HD 10780,RUN2,32,300.0,0.9449557961472004,0.7631563269868105
HD 10780,RUN2,32,500.0,0.8309003912674542,0.7417654967780498
HD 110897,RUN1,83,5.0,0.9741514218254332,0.973947142724582
HD 110897,RUN1,83,10.0,0.9793461729074123,0.9777849608493109
HD 110897,RUN1,83,30.0,0.9879978362772248,0.9789176420904344
HD 110897,RUN1,83,100.0,0.9339456704167648,0.9056519132791325
HD 110897,RUN1,83,300.0,0.8763662694190079,0.7841830981693789
HD 110897,RUN1,83,500.0,0.8968525179052618,0.5173426216450773
HD 110897,RUN2,31,5.0,0.978098892431906,0.9758289232352532
HD 110897,RUN2,31,10.0,0.9581251217229496,0.9534567699811711
HD 110897,RUN2,31,30.0,0.9890845852057286,0.9654652858711844
HD 110897,RUN2,31,100.0,0.9481798524824663,0.8107011656910849
HD 110897,RUN2,31,300.0,0.9568737815590712,0.9329030822901889
HD 110897,RUN2,31,500.0,0.9715108000487804,0.9340917916714345
HD 115617,RUN0.5,189,5.0,0.9812941674794347,0.9723888706742762
HD 115617,RUN0.5,189,10.0,0.9928801843598294,0.98799942225321
HD 115617,RUN0.5,189,30.0,0.9842713681564501,0.9592212156375842
HD 115617,RUN0.5,189,100.0,0.9789869830705868,0.973899030927007
HD 115617,RUN0.5,189,300.0,0.8033109296376906,0.6557514188648785
HD 115617,RUN0.5,189,500.0,0.8183263390443936,0.3886661961128285
HD 115617,RUN1,161,5.0,0.947148019187216,0.9285072718013805
HD 115617,RUN1,161,10.0,0.9713583697351471,0.9551438069890337
HD 115617,RUN1,161,30.0,0.902266409902194,0.8570779061321726
HD 115617,RUN1,161,100.0,0.885599368116782,0.8447556695125867
HD 115617,RUN1,161,300.0,0.8049023170628713,0.7397217356655384
HD 115617,RUN1,161,500.0,0.6278508146692932,0.6053238685868896
HD 115617,RUN2,64,5.0,0.9207957728298235,0.9019223805623953
HD 115617,RUN2,64,10.0,0.9341178024599948,0.879983239631427
HD 115617,RUN2,64,30.0,0.6955526174129656,0.6354975365464248
HD 115617,RUN2,64,100.0,0.7371227132903238,0.5303595415828203
HD 115617,RUN2,64,300.0,0.6930510097719722,0.6811347458881203
HD 115617,RUN2,64,500.0,0.5825027454617333,0.3515693819383663
HD 116442,RUN1,66,5.0,0.9964861037601073,0.9903281784990348
HD 116442,RUN1,66,10.0,0.9857435852846894,0.9731414122932311
HD 116442,RUN1,66,30.0,0.9965771299190003,0.9945350480087579
HD 116442,RUN1,66,100.0,0.9973675290493109,0.9934693007136033
HD 116442,RUN1,66,300.0,0.961865008055891,0.8554929902223993
HD 116442,RUN1,66,500.0,0.840683176004247,0.8241229894142692
HD 116442,RUN2,22,5.0,0.9354317865368671,0.7566789113372919
HD 116442,RUN2,22,10.0,0.8875530856926082,0.8605806403357447
HD 116442,RUN2,22,30.0,0.9668251332244702,0.9327024622921217
HD 116442,RUN2,22,100.0,0.988023716737124,0.958169592502672
HD 116442,RUN2,22,300.0,0.981608783639488,0.9808352327021992
HD 116442,RUN2,22,500.0,0.984385710710302,0.9653098426895447
HD 126053,RUN1,75,5.0,0.9971926307758441,0.9953946797347282
HD 126053,RUN1,75,10.0,0.9982940557023388,0.9941147053199079
HD 126053,RUN1,75,30.0,0.9307353660260496,0.8612175110363799
HD 126053,RUN1,75,100.0,0.9769642890757088,0.9668810234283163
HD 126053,RUN1,75,300.0,0.9741793641878637,0.9002165259595841
HD 126053,RUN1,75,500.0,0.9835727703253643,0.9674369866777137
HD 126053,RUN2,25,5.0,0.9567529745386378,0.9334084072281094
HD 126053,RUN2,25,10.0,0.9984717248518609,0.9939889411538071
HD 126053,RUN2,25,30.0,0.6981702173677734,0.6767135678400775
HD 126053,RUN2,25,100.0,0.982741007459339,0.972147536231415
HD 126053,RUN2,25,300.0,0.8340983981041243,0.8241749242543472
HD 126053,RUN2,25,500.0,0.973524781983545,0.7093876327970148
HD 127334,RUN0.5,322,5.0,0.9846898555078376,0.9831890902899396
HD 127334,RUN0.5,322,10.0,0.9938477160824966,0.990743311407922
HD 127334,RUN0.5,322,30.0,0.9959865041208107,0.9949413031502972
HD 127334,RUN0.5,322,100.0,0.9850371536105373,0.9744569594836152
HD 127334,RUN0.5,322,300.0,0.7702475194277351,0.7449586952522539
HD 127334,RUN0.5,322,500.0,0.8774147580733491,0.5478677826796645
HD 127334,RUN1,329,5.0,0.991577247915521,0.983539625617211
HD 127334,RUN1,329,10.0,0.9948401898103154,0.9903126919847582
HD 127334,RUN1,329,30.0,0.9924609722570308,0.9840068546874613
HD 127334,RUN1,329,100.0,0.9904435702617289,0.9743496656061544
HD 127334,RUN1,329,300.0,0.7585958361124521,0.7348636597808561
HD 127334,RUN1,329,500.0,0.881411720921826,0.5910988945655976
HD 127334,RUN2,169,5.0,0.9671136330666561,0.9447236555569404
HD 127334,RUN2,169,10.0,0.9821660705183608,0.9520378261615868
HD 127334,RUN2,169,30.0,0.9597399773334954,0.9418613529009305
HD 127334,RUN2,169,100.0,0.9728071833860985,0.9636315725152147
HD 127334,RUN2,169,300.0,0.992682974479534,0.9844572491514275
HD 127334,RUN2,169,500.0,0.8457244870465292,0.15021779119569137
HD 143761,RUN0.5,98,5.0,0.996005104156041,0.9882692766412026
HD 143761,RUN0.5,98,10.0,0.9890866591399,0.9879196928580727
HD 143761,RUN0.5,98,30.0,0.97627129753097,0.9453527490088484
HD 143761,RUN0.5,98,100.0,0.9914370470992855,0.9866316758751329
HD 143761,RUN0.5,98,300.0,0.9045356458281866,0.6516846541147361
HD 143761,RUN0.5,98,500.0,0.8629174786645528,0.5184851627335655
HD 143761,RUN1,101,5.0,0.9790957829563891,0.9591670915590169
HD 143761,RUN1,101,10.0,0.9809092831545461,0.9722639350155758
HD 143761,RUN1,101,30.0,0.99211988388173,0.9860966341788541
HD 143761,RUN1,101,100.0,0.9412035378655972,0.8990495838396264
HD 143761,RUN1,101,300.0,0.7978861059571329,0.7479384736531585
HD 143761,RUN1,101,500.0,0.8596389011349721,0.31703705564032314
HD 143761,RUN2,57,5.0,0.8831469470219961,0.7928118008225432
HD 143761,RUN2,57,10.0,0.9751845191837079,0.9676206023280045
HD 143761,RUN2,57,30.0,0.9692584232420276,0.9074266727257299
HD 143761,RUN2,57,100.0,0.8533940289436674,0.7929819576567748
HD 143761,RUN2,57,300.0,0.8961856787488034,0.8348623314117843
HD 143761,RUN2,57,500.0,0.6925750992354485,0.23546683170297034
HD 146233,RUN1,63,5.0,0.9910133776945798,0.9850213962511716
HD 146233,RUN1,63,10.0,0.9868473838688385,0.9765751872112138
HD 146233,RUN1,63,30.0,0.9941091358103173,0.9847327386516832
HD 146233,RUN1,63,100.0,0.9737464040450257,0.9492564567445213
HD 146233,RUN1,63,300.0,0.8764025902137917,0.47775065352707125
HD 146233,RUN1,63,500.0,0.9172615135363562,0.6116260768682961
HD 154345,RUN1,56,5.0,0.9971207754961575,0.9890992498097936
HD 154345,RUN1,56,10.0,0.9948647957249874,0.9905290685707067
HD 154345,RUN1,56,30.0,0.7352586747388787,0.6982874277007876
HD 154345,RUN1,56,100.0,0.9906436631768518,0.9884568049544631
HD 154345,RUN1,56,300.0,0.9958207740849121,0.9948391811211748
HD 154345,RUN1,56,500.0,0.9504821073593896,0.7844560849602054
HD 154345,RUN2,23,5.0,0.9799021553028722,0.9341338270325524
HD 154345,RUN2,23,10.0,0.9969761270627722,0.9914009355378375
HD 154345,RUN2,23,30.0,0.8289163795643839,0.6011735233534088
HD 154345,RUN2,23,100.0,0.9520414497278691,0.8850006792659981
HD 154345,RUN2,23,300.0,0.8787564084275679,0.3730726437984498
HD 154345,RUN2,23,500.0,0.8111641945735137,0.24788792143817429
HD 157214,RUN0.5,85,5.0,0.992196006071016,0.9785908612549027
HD 157214,RUN0.5,85,10.0,0.9872455945992464,0.973129737323192
HD 157214,RUN0.5,85,30.0,0.967727884891781,0.961487160429039
HD 157214,RUN0.5,85,100.0,0.9247636211993475,0.913957092188003
HD 157214,RUN0.5,85,300.0,0.9175479820953603,0.8375047016997258
HD 157214,RUN0.5,85,500.0,0.8443775981804502,0.7613588464066929
HD 157214,RUN1,63,5.0,0.9766621039503612,0.9702389668207213
HD 157214,RUN1,63,10.0,0.982943945297367,0.9718602491947962
HD 157214,RUN1,63,30.0,0.973153281132628,0.9617624471618132
HD 157214,RUN1,63,100.0,0.8994289288859507,0.8882448639951713
HD 157214,RUN1,63,300.0,0.9578083589374667,0.8709516242743768
HD 157214,RUN1,63,500.0,0.9648903741385613,0.9123955927412757
HD 157214,RUN2,24,5.0,0.9604947340809996,0.9242264265441049
HD 157214,RUN2,24,10.0,0.9445959382775717,0.8757081297060717
HD 157214,RUN2,24,30.0,0.9032567920127201,0.8856833315889193
HD 157214,RUN2,24,100.0,0.9062370903531787,0.8821031871239268
HD 157214,RUN2,24,300.0,0.9694009070588885,0.9026484671439473
HD 157214,RUN2,24,500.0,0.759254095198288,0.6188123034353598
HD 166620,RUN0.5,80,5.0,0.9925314043968151,0.9901963716803843
HD 166620,RUN0.5,80,10.0,0.9745632418084879,0.9704785848811686
HD 166620,RUN0.5,80,30.0,0.9606355325755769,0.9427356257147329
HD 166620,RUN0.5,80,100.0,0.9646046259975274,0.8674911748341924
HD 166620,RUN0.5,80,300.0,0.8425492628399156,0.7307845154792008
HD 166620,RUN0.5,80,500.0,0.7280626720788802,0.6199195738226971
HD 166620,RUN1,81,5.0,0.9904056541558699,0.9714319528823868
HD 166620,RUN1,81,10.0,0.9033799013230768,0.8486179958916504
HD 166620,RUN1,81,30.0,0.9717892533220953,0.9709574076458418
HD 166620,RUN1,81,100.0,0.9761578878662758,0.975706376634693
HD 166620,RUN1,81,300.0,0.6871357420696267,0.53288746947225
HD 166620,RUN1,81,500.0,0.6656712929549744,0.5276631828337572
HD 166620,RUN2,45,5.0,0.9902433267138941,0.9661303606819494
HD 166620,RUN2,45,10.0,0.89217721096433,0.8224883873092276
HD 166620,RUN2,45,30.0,0.929186353159902,0.8942136123441411
HD 166620,RUN2,45,100.0,0.9086967441379165,0.8619919132602553
HD 166620,RUN2,45,300.0,0.8770262477566649,0.7828084315105447
HD 166620,RUN2,45,500.0,0.6285556367471477,0.20512876823984144
HD 168009,RUN1,59,5.0,0.9922667262874142,0.9870985038480031
HD 168009,RUN1,59,10.0,0.9875868093760619,0.9540506985881937
HD 168009,RUN1,59,30.0,0.8997933430787602,0.8797882020076083
HD 168009,RUN1,59,100.0,0.9989493946904016,0.9985669352063578
HD 168009,RUN1,59,300.0,0.9505445590890893,0.8496392085566615
HD 168009,RUN1,59,500.0,0.9022718109941749,0.8894193979196129
HD 168009,RUN2,31,5.0,0.9941149862163295,0.9827742937256354
HD 168009,RUN2,31,10.0,0.9404644104056337,0.8949424947619806
HD 168009,RUN2,31,30.0,0.9705812354230348,0.965492520530488
HD 168009,RUN2,31,100.0,0.9579560926414898,0.9577111194035497
HD 168009,RUN2,31,300.0,0.9966307884877892,0.9963963440395966
HD 168009,RUN2,31,500.0,0.9896590009673236,0.9868166923951833
HD 170657,RUN0.5,55,5.0,0.9639668636882115,0.9508791888611372
HD 170657,RUN0.5,55,10.0,0.9736117168980382,0.9176821423468108
HD 170657,RUN0.5,55,30.0,0.9030500596694491,0.8621892885537521
HD 170657,RUN0.5,55,100.0,0.9487262409981617,0.9478037501636437
HD 170657,RUN0.5,55,300.0,0.5109044633145581,0.3807814448615268
HD 170657,RUN0.5,55,500.0,0.3299795364154169,0.2782813468073249
HD 170657,RUN1,54,5.0,0.9487255952179046,0.9225934181183085
HD 170657,RUN1,54,10.0,0.9208096653079642,0.8936745383934722
HD 170657,RUN1,54,30.0,0.8830012332563844,0.8361658416034519
HD 170657,RUN1,54,100.0,0.9174721213894536,0.9054360015504431
HD 170657,RUN1,54,300.0,0.5065500872192652,0.22615294147135653
HD 170657,RUN1,54,500.0,0.4366957573219479,0.35925244170655896
HD 172051,RUN1,45,5.0,0.9718639355793817,0.9693630451105497
HD 172051,RUN1,45,10.0,0.9527201190330032,0.940060125506484
HD 172051,RUN1,45,30.0,0.9656399686444359,0.9465066448414815
HD 172051,RUN1,45,100.0,0.9976827186224504,0.9939116721657643
HD 172051,RUN1,45,300.0,0.6598191688626784,0.3937450458264349
HD 172051,RUN1,45,500.0,0.8913899395072313,0.2516911509426162
HD 179957,RUN1,28,5.0,0.995676807045409,0.985599136728583
HD 179957,RUN1,28,10.0,0.9762514568027321,0.9627088271982314
HD 179957,RUN1,28,30.0,0.9794475988737363,0.9380208434692935
HD 179957,RUN1,28,100.0,0.9480790268770254,0.7707820615513992
HD 179957,RUN1,28,300.0,0.8787894687024569,0.784718443858009
HD 179957,RUN1,28,500.0,0.9748657609225799,0.9388817612331853
HD 182572,RUN1,59,5.0,0.9818510983831645,0.9709471861102928
HD 182572,RUN1,59,10.0,0.9690223448493855,0.9609627969184611
HD 182572,RUN1,59,30.0,0.900757558421942,0.8249262070584504
HD 182572,RUN1,59,100.0,0.9976807214222461,0.9937359131001284
HD 182572,RUN1,59,300.0,0.9482627517947108,0.8904833980313859
HD 182572,RUN1,59,500.0,0.9431103023190526,0.8512975093561228
HD 185144,RUN0.5,400,5.0,0.9959070868618234,0.9947402917507644
HD 185144,RUN0.5,400,10.0,0.995973405675135,0.9942854627649574
HD 185144,RUN0.5,400,30.0,0.9782349998311157,0.9201594609322733
HD 185144,RUN0.5,400,100.0,0.9960517958876882,0.9887872716177031
HD 185144,RUN0.5,400,300.0,0.9392512526369419,0.798887527177253
HD 185144,RUN0.5,400,500.0,0.9294844420420565,0.6898654102797374
HD 185144,RUN1,336,5.0,0.9932611243296285,0.98348199432031
HD 185144,RUN1,336,10.0,0.9391073350048802,0.8921324908105663
HD 185144,RUN1,336,30.0,0.9640149498155708,0.9359444784370716
HD 185144,RUN1,336,100.0,0.968124905489401,0.9664819034791796
HD 185144,RUN1,336,300.0,0.661376617058768,0.6457126628359223
HD 185144,RUN1,336,500.0,0.7388745951110376,0.5207082515356822
HD 185144,RUN2,204,5.0,0.9888177222695232,0.9819894628300678
HD 185144,RUN2,204,10.0,0.9117317768818685,0.8413846811632582
HD 185144,RUN2,204,30.0,0.80757799406901,0.7753301145183653
HD 185144,RUN2,204,100.0,0.9562933068359498,0.9532649007328583
HD 185144,RUN2,204,300.0,0.6714881458384148,0.5027844398895808
HD 185144,RUN2,204,500.0,0.6805525128570422,0.2658993964237315
HD 186408,RUN1,41,5.0,0.9984134041632131,0.9961673621894404
HD 186408,RUN1,41,10.0,0.9495751864486524,0.9396129212555215
HD 186408,RUN1,41,30.0,0.9943564726688263,0.9932045710786036
HD 186408,RUN1,41,100.0,0.987774481795631,0.9792512371406832
HD 186408,RUN1,41,300.0,0.793973613781709,0.7853506022739831
HD 186408,RUN1,41,500.0,0.9627029882822133,0.8798568344145568
HD 186427,RUN1,43,5.0,0.996652150950402,0.9959994040223156
HD 186427,RUN1,43,10.0,0.9379799127363379,0.8791526485955282
HD 186427,RUN1,43,30.0,0.970601425413612,0.9270027035917516
HD 186427,RUN1,43,100.0,0.883581222511671,0.8484451512080051
HD 186427,RUN1,43,300.0,0.8499472747362445,0.7973902551171561
HD 186427,RUN1,43,500.0,0.8403776214803451,0.7484334204385105
HD 187923,RUN1,42,5.0,0.9988054320921669,0.9970439972117151
HD 187923,RUN1,42,10.0,0.8889384256813835,0.8823108255332796
HD 187923,RUN1,42,30.0,0.9814037399956447,0.950403242404467
HD 187923,RUN1,42,100.0,0.9928405870246829,0.981585405176652
HD 187923,RUN1,42,300.0,0.9899947529880484,0.9679042260804448
HD 187923,RUN1,42,500.0,0.9906685466300398,0.9896379572629483
HD 190360,RUN0.5,69,5.0,0.9764186235643204,0.9581698161871984
HD 190360,RUN0.5,69,10.0,0.9450817128636513,0.9364268627257092
HD 190360,RUN0.5,69,30.0,0.9454180879362932,0.9021797726497707
HD 190360,RUN0.5,69,100.0,0.9492711264384247,0.9231472069149707
HD 190360,RUN0.5,69,300.0,0.8326579300441073,0.8290164574948483
HD 190360,RUN0.5,69,500.0,0.7605651302765832,0.47607183901244304
HD 190360,RUN1,53,5.0,0.9726819861381075,0.934978545598149
HD 190360,RUN1,53,10.0,0.913161776002315,0.8690867811313525
HD 190360,RUN1,53,30.0,0.8457376618089141,0.8335136876581818
HD 190360,RUN1,53,100.0,0.807012649927419,0.7745933431276082
HD 190360,RUN1,53,300.0,0.733027179103579,0.6504273220716759
HD 190360,RUN1,53,500.0,0.8098369976544568,0.44889112834019446
HD 190360,RUN2,32,5.0,0.9476520021619881,0.9232708956802724
HD 190360,RUN2,32,10.0,0.8882668902156572,0.6849439760463089
HD 190360,RUN2,32,30.0,0.862976618841646,0.7845630846413782
HD 190360,RUN2,32,100.0,0.9166672288355051,0.6206045114303772
HD 190360,RUN2,32,300.0,0.7639029280005971,0.42069390990612154
HD 190360,RUN2,32,500.0,0.4533220892890448,0.3463600832876611
HD 19373,RUN1,97,5.0,0.9924804286062612,0.9914946016400751
HD 19373,RUN1,97,10.0,0.99292396199953,0.9787600712405783
HD 19373,RUN1,97,30.0,0.9268426941587764,0.8371702452395817
HD 19373,RUN1,97,100.0,0.9299711793632852,0.7840624139048521
HD 19373,RUN1,97,300.0,0.9593719596287884,0.8029511456940995
HD 19373,RUN1,97,500.0,0.9762127109480199,0.9226145211067458
HD 19373,RUN2,72,5.0,0.988851073879887,0.9715849975960597
HD 19373,RUN2,72,10.0,0.9748355202210051,0.9112152076584048
HD 19373,RUN2,72,30.0,0.9834664801000235,0.942371256802042
HD 19373,RUN2,72,100.0,0.96650926990856,0.9308578907965799
HD 19373,RUN2,72,300.0,0.9735135267387776,0.9362836788410793
HD 19373,RUN2,72,500.0,0.9590311756105776,0.9323997373834033
HD 201091,RUN0.5,157,5.0,0.9826929636789136,0.9449662902293711
HD 201091,RUN0.5,157,10.0,0.9652417650178426,0.9533192864566072
HD 201091,RUN0.5,157,30.0,0.9694605685487697,0.9532166671701867
HD 201091,RUN0.5,157,100.0,0.8742184530250446,0.8282196521626071
HD 201091,RUN0.5,157,300.0,0.8136508987028874,0.8103686588101798
HD 201091,RUN0.5,157,500.0,0.8074890445897607,0.7053265263440003
HD 201091,RUN1,124,5.0,0.9662616046134237,0.9408248324148367
HD 201091,RUN1,124,10.0,0.9569384619439527,0.9489330548474297
HD 201091,RUN1,124,30.0,0.8572062091183552,0.5598003214034334
HD 201091,RUN1,124,100.0,0.8311763704097352,0.8298456248505998
HD 201091,RUN1,124,300.0,0.736685063904291,0.5703120758777397
HD 201091,RUN1,124,500.0,0.7647584870608358,0.5406701206327275
HD 201091,RUN2,87,5.0,0.9640133637356001,0.9633254328207231
HD 201091,RUN2,87,10.0,0.9222611412028954,0.7906047679484343
HD 201091,RUN2,87,30.0,0.8026297157974656,0.7545724163041694
HD 201091,RUN2,87,100.0,0.8941356359896686,0.8707167982586665
HD 201091,RUN2,87,300.0,0.7973980039655715,0.4257945489439491
HD 201091,RUN2,87,500.0,0.7184748142473829,0.2570376221634682
HD 217107,RUN1,33,5.0,0.9939350695048486,0.9899196083184235
HD 217107,RUN1,33,10.0,0.9878428339052943,0.9771718368377597
HD 217107,RUN1,33,30.0,0.9360665442049245,0.9039505754577125
HD 217107,RUN1,33,100.0,0.9493305298346291,0.8855098696026878
HD 217107,RUN1,33,300.0,0.985992775095266,0.9827246053903196
HD 217107,RUN1,33,500.0,0.9983097285750828,0.9966021515522059
HD 217107,RUN2,22,5.0,0.9537038762042701,0.9475495713119161
HD 217107,RUN2,22,10.0,0.9705447154038167,0.9626834031659209
HD 217107,RUN2,22,30.0,0.97417198734454,0.9738370917773409
HD 217107,RUN2,22,100.0,0.9518797633675968,0.9428649965425528
HD 217107,RUN2,22,300.0,0.9950355045057202,0.9882876493139324
HD 217107,RUN2,22,500.0,0.9902915047259877,0.9795021634215291
HD 221354,RUN0.5,198,5.0,0.9886963519773784,0.987162361533473
HD 221354,RUN0.5,198,10.0,0.9773389869005289,0.9653224701138113
HD 221354,RUN0.5,198,30.0,0.9880041620395164,0.9862173085397384
HD 221354,RUN0.5,198,100.0,0.98168737116101,0.966221846257554
HD 221354,RUN0.5,198,300.0,0.8798508400624929,0.858026469749181
HD 221354,RUN0.5,198,500.0,0.9104300959433951,0.779524342506398
HD 221354,RUN1,129,5.0,0.9945365654157798,0.9909678809582476
HD 221354,RUN1,129,10.0,0.9516823173144949,0.9431656875282274
HD 221354,RUN1,129,30.0,0.9614005779445072,0.9566978498312898
HD 221354,RUN1,129,100.0,0.9146181878763993,0.9143217360365032
HD 221354,RUN1,129,300.0,0.8819338992701566,0.8508769330518218
HD 221354,RUN1,129,500.0,0.8350268342142261,0.7378127979777684
HD 221354,RUN2,81,5.0,0.9871018909964138,0.9565314028488325
HD 221354,RUN2,81,10.0,0.9614043545340027,0.9484386520991017
HD 221354,RUN2,81,30.0,0.929874622420593,0.8887255488979481
HD 221354,RUN2,81,100.0,0.9529742782058612,0.9337131455890937
HD 221354,RUN2,81,300.0,0.8727782182585367,0.714964942539899
HD 221354,RUN2,81,500.0,0.8931586700412762,0.6538627954058089
HD 24496 A,RUN1,50,5.0,0.98957904401736,0.98035876305548
HD 24496 A,RUN1,50,10.0,0.9672756841553165,0.9432042748930723
HD 24496 A,RUN1,50,30.0,0.9529054961855592,0.8331617487727265
HD 24496 A,RUN1,50,100.0,0.9476086197773158,0.9197696570138024
HD 24496 A,RUN1,50,300.0,0.8719906096272588,0.8085566546070132
HD 24496 A,RUN1,50,500.0,0.910525751481686,0.896695615304228
HD 24496 A,RUN2,32,5.0,0.9533458604685534,0.9261652176682198
HD 24496 A,RUN2,32,10.0,0.9522843250616293,0.9450810157671945
HD 24496 A,RUN2,32,30.0,0.9322514260312968,0.8918032344388058
HD 24496 A,RUN2,32,100.0,0.9974861079415599,0.996613622286875
HD 24496 A,RUN2,32,300.0,0.7660891002628158,0.6929663836925546
HD 24496 A,RUN2,32,500.0,0.9087563188549314,0.619870197013833
HD 26965,RUN1,92,5.0,0.9898711354129425,0.9883387872716941
HD 26965,RUN1,92,10.0,0.9633355758783961,0.9321003224128239
HD 26965,RUN1,92,30.0,0.9930753223632212,0.9782922992774014
HD 26965,RUN1,92,100.0,0.8884529127920404,0.6141141060197458
HD 26965,RUN1,92,300.0,0.9687522831502345,0.9017389178368478
HD 26965,RUN1,92,500.0,0.7518593833142639,0.41237211083088215
HD 26965,RUN2,65,5.0,0.99661811755234,0.9948038925570605
HD 26965,RUN2,65,10.0,0.9283365289445499,0.919004416393752
HD 26965,RUN2,65,30.0,0.9641286876053741,0.8516097954953701
HD 26965,RUN2,65,100.0,0.8590653120107896,0.7940827078252035
HD 26965,RUN2,65,300.0,0.9991004187496713,0.9982618450843626
HD 26965,RUN2,65,500.0,0.9999793262594755,0.9998641474554678
HD 34411,RUN1,58,5.0,0.9889426089511395,0.9877457085957952
HD 34411,RUN1,58,10.0,0.956812975955567,0.9441032313850547
HD 34411,RUN1,58,30.0,0.9864648278622823,0.9810712763425047
HD 34411,RUN1,58,100.0,0.8149615415879679,0.7732194038076228
HD 34411,RUN1,58,300.0,0.9267373467013827,0.7264362031098232
HD 34411,RUN1,58,500.0,0.9107525324410046,0.4871923563815656
HD 34411,RUN2,29,5.0,0.9541809763887652,0.9509457428410367
HD 34411,RUN2,29,10.0,0.9843144471226384,0.9610389705312156
HD 34411,RUN2,29,30.0,0.9905540604064069,0.9736074789264595
HD 34411,RUN2,29,100.0,0.9727169365320709,0.9289545641050032
HD 34411,RUN2,29,300.0,0.9471421928839362,0.8632936231793717
HD 34411,RUN2,29,500.0,0.9687429286701856,0.8833433122902343
HD 38858,RUN1,50,5.0,0.9541885712250573,0.9540183890156709
HD 38858,RUN1,50,10.0,0.9980398798892821,0.9941048265533377
HD 38858,RUN1,50,30.0,0.9532733315981137,0.9387122995607932
HD 38858,RUN1,50,100.0,0.8883594813593374,0.8790172663570118
HD 38858,RUN1,50,300.0,0.9902887990614655,0.9861607900599866
HD 38858,RUN1,50,500.0,0.9343717102871091,0.5857952227329594
HD 38858,RUN2,29,5.0,0.9507847183688194,0.9265217521129497
HD 38858,RUN2,29,10.0,0.9966229980589015,0.988303605728213
HD 38858,RUN2,29,30.0,0.9261708801405294,0.6611469323071903
HD 38858,RUN2,29,100.0,0.9602153068030688,0.9453282596812049
HD 38858,RUN2,29,300.0,0.9076995944959431,0.8155598808364265
HD 38858,RUN2,29,500.0,0.8952824855402821,0.8056126440590214
HD 4614 A,RUN0.5,508,5.0,0.9932194784179584,0.992583640715338
HD 4614 A,RUN0.5,508,10.0,0.9849353770875933,0.98240500772864
HD 4614 A,RUN0.5,508,30.0,0.9962055823761411,0.9894429666925696
HD 4614 A,RUN0.5,508,100.0,0.8944421018297048,0.8927859900107477
HD 4614 A,RUN0.5,508,300.0,0.84787477789939,0.5804147309053808
HD 4614 A,RUN0.5,508,500.0,0.8217202391916002,0.5030769586102495
HD 4614 A,RUN1,351,5.0,0.9911691554982984,0.987918913460972
HD 4614 A,RUN1,351,10.0,0.9700130556559118,0.9653098873921766
HD 4614 A,RUN1,351,30.0,0.982870428036554,0.9802441535334843
HD 4614 A,RUN1,351,100.0,0.9893434490356687,0.9823127972427388
HD 4614 A,RUN1,351,300.0,0.93338115833133,0.8956728003157267
HD 4614 A,RUN1,351,500.0,0.9494320972490358,0.9176083090806577
HD 4614 A,RUN2,163,5.0,0.9688443009490216,0.9572909120177098
HD 4614 A,RUN2,163,10.0,0.9288770547051766,0.8896411167155251
HD 4614 A,RUN2,163,30.0,0.8789730968046056,0.8751236507417144
HD 4614 A,RUN2,163,100.0,0.929273661540136,0.8990685413684403
HD 4614 A,RUN2,163,300.0,0.8316701926523598,0.7903107955580075
HD 4614 A,RUN2,163,500.0,0.8304650731720329,0.7674731083449988
HD 4628,RUN1,124,5.0,0.9470296192787444,0.9211184604686463
HD 4628,RUN1,124,10.0,0.9850512587228575,0.9508200094928722
HD 4628,RUN1,124,30.0,0.9997022092179444,0.9994724071541098
HD 4628,RUN1,124,100.0,0.9596973877395685,0.9300157744251629
HD 4628,RUN1,124,300.0,0.940342407728389,0.8547011050841989
HD 4628,RUN1,124,500.0,0.9736292811152476,0.8998790116561646
HD 4628,RUN2,63,5.0,0.9694686188627943,0.9372700243282964
HD 4628,RUN2,63,10.0,0.9918707679105105,0.9762404525181295
HD 4628,RUN2,63,30.0,0.9948857984744279,0.983572526998458
HD 4628,RUN2,63,100.0,0.9640200296318602,0.9149629414358293
HD 4628,RUN2,63,300.0,0.9034244160649529,0.7546558842514408
HD 4628,RUN2,63,500.0,0.9260239987947239,0.7460084760644292
HD 50692,RUN1,57,5.0,0.9928934992432432,0.9851567650898669
HD 50692,RUN1,57,10.0,0.998082402437375,0.9941285007899568
HD 50692,RUN1,57,30.0,0.9743309041280293,0.9493876374213638
HD 50692,RUN1,57,100.0,0.9893384056279617,0.9585773452747754
HD 50692,RUN1,57,300.0,0.9126547133204033,0.8656075781725825
HD 50692,RUN1,57,500.0,0.950332798315469,0.7940948230348623
HD 50692,RUN2,31,5.0,0.973010502169515,0.9477288369252291
HD 50692,RUN2,31,10.0,0.9123239116619248,0.9063339669979014
HD 50692,RUN2,31,30.0,0.942722168345349,0.8095470081343898
HD 50692,RUN2,31,100.0,0.9790704348927859,0.9300408794835319
HD 50692,RUN2,31,300.0,0.7436201909231481,0.6730840411493751
HD 50692,RUN2,31,500.0,0.7644103326955884,0.6714316399757448
HD 51419,RUN1,55,5.0,0.967981436018905,0.9592038035886968
HD 51419,RUN1,55,10.0,0.9686288664003859,0.9605098442162122
HD 51419,RUN1,55,30.0,0.9964457794376356,0.9912145183249712
HD 51419,RUN1,55,100.0,0.9156114821837094,0.877718923577911
HD 51419,RUN1,55,300.0,0.9306701604568218,0.7599124504461384
HD 51419,RUN1,55,500.0,0.8341149644981395,0.5762532570629332
HD 51419,RUN2,32,5.0,0.9686626208872897,0.9026310325507304
HD 51419,RUN2,32,10.0,0.9798957043452037,0.9671656306507455
HD 51419,RUN2,32,30.0,0.9995652271160484,0.9993941957317554
HD 51419,RUN2,32,100.0,0.810600377421735,0.78394006525379
HD 51419,RUN2,32,300.0,0.9856920113537455,0.9799690245000421
HD 51419,RUN2,32,500.0,0.9848313124058752,0.9494497140101817
HD 52711,RUN1,53,5.0,0.9962436908406406,0.9863456541110386
HD 52711,RUN1,53,10.0,0.9362631918195683,0.9337977664483936
HD 52711,RUN1,53,30.0,0.9950021308071453,0.9806090585860116
HD 52711,RUN1,53,100.0,0.9496516293729347,0.9286008444728177
HD 52711,RUN1,53,300.0,0.9931834451903497,0.9760268771716611
HD 52711,RUN1,53,500.0,0.9821769490295975,0.9801726332643222
HD 52711,RUN2,30,5.0,0.9907150508750457,0.9811582390401907
HD 52711,RUN2,30,10.0,0.992494212206811,0.9911829169908081
HD 52711,RUN2,30,30.0,0.9658020935167817,0.9230191336036697
HD 52711,RUN2,30,100.0,0.9460888103534097,0.8447475108879591
HD 52711,RUN2,30,300.0,0.8972811418025295,0.8791243395552466
HD 52711,RUN2,30,500.0,0.9470407299516932,0.86567785695049
HD 55575,RUN1,60,5.0,0.9894810645209913,0.9854155615788124
HD 55575,RUN1,60,10.0,0.9978386618706588,0.9928128119849674
HD 55575,RUN1,60,30.0,0.9894556910463423,0.9872842825617915
HD 55575,RUN1,60,100.0,0.948598963506561,0.9265264467503518
HD 55575,RUN1,60,300.0,0.9799998442013917,0.9539530451145066
HD 55575,RUN1,60,500.0,0.9951523027669791,0.9902207211614178
HD 55575,RUN2,32,5.0,0.9848818388813833,0.9725308475657984
HD 55575,RUN2,32,10.0,0.923171199394027,0.8850712762445836
HD 55575,RUN2,32,30.0,0.9835382313110235,0.981910296392482
HD 55575,RUN2,32,100.0,0.9834891139183941,0.9651196251937012
HD 55575,RUN2,32,300.0,0.9301143771930704,0.8745540024428881
HD 55575,RUN2,32,500.0,0.9060409192368717,0.8794861119644837
HD 68017,RUN1,82,5.0,0.9966841581726358,0.9918359908007109
HD 68017,RUN1,82,10.0,0.9972473975784695,0.9909314092492408
HD 68017,RUN1,82,30.0,0.9555751696500274,0.8045909448920755
HD 68017,RUN1,82,100.0,0.9813290207881642,0.9529435646785889
HD 68017,RUN1,82,300.0,0.98946956214005,0.9764148094500317
HD 68017,RUN1,82,500.0,0.9091947401656345,0.8917689328548495
HD 68017,RUN2,31,5.0,0.9950920248283437,0.9911635602828484
HD 68017,RUN2,31,10.0,0.9797067850068318,0.9654339160422987
HD 68017,RUN2,31,30.0,0.9815371269782822,0.9621210630598039
HD 68017,RUN2,31,100.0,0.9329561753385176,0.8649280860947424
HD 68017,RUN2,31,300.0,0.7956432646765276,0.6983453272648232
HD 68017,RUN2,31,500.0,0.9044753128101288,0.6860613250124643
HD 86728,RUN0.5,132,5.0,0.984967961054507,0.9812427352515831
HD 86728,RUN0.5,132,10.0,0.9929087873779892,0.9912510956787319
HD 86728,RUN0.5,132,30.0,0.9812799885548191,0.9548670056310893
HD 86728,RUN0.5,132,100.0,0.9647084468930137,0.9318871853510308
HD 86728,RUN0.5,132,300.0,0.916000797219424,0.8661774265685186
HD 86728,RUN0.5,132,500.0,0.8242377086531869,0.6458336600984967
HD 86728,RUN1,112,5.0,0.987202502562458,0.9849269642535248
HD 86728,RUN1,112,10.0,0.9808428490135463,0.9519653346473803
HD 86728,RUN1,112,30.0,0.9200800591626093,0.8959147832862515
HD 86728,RUN1,112,100.0,0.9167876945359357,0.8059506975705129
HD 86728,RUN1,112,300.0,0.9171803082973449,0.6179593142674875
HD 86728,RUN1,112,500.0,0.7484706802904322,0.7021831743490873
HD 86728,RUN2,56,5.0,0.9854151850590318,0.9826011692653882
HD 86728,RUN2,56,10.0,0.9119843806514798,0.9108552819816893
HD 86728,RUN2,56,30.0,0.8949702245751195,0.82691157873562
HD 86728,RUN2,56,100.0,0.8006533851358537,0.5406641167293095
HD 86728,RUN2,56,300.0,0.759286114013999,0.6883235743517614
HD 86728,RUN2,56,500.0,0.6961766388909556,0.41974854365563885
HD 9407,RUN0.5,186,5.0,0.9891794595906412,0.9769011665521743
HD 9407,RUN0.5,186,10.0,0.9643679408844407,0.9596146092129282
HD 9407,RUN0.5,186,30.0,0.9688745215789575,0.9514930574083211
HD 9407,RUN0.5,186,100.0,0.9637793311641929,0.9236536072763124
HD 9407,RUN0.5,186,300.0,0.6854473233701295,0.4118571980609018
HD 9407,RUN0.5,186,500.0,0.6538513029711059,0.4187369572085347
HD 9407,RUN1,115,5.0,0.95776306094204,0.943974395035507
HD 9407,RUN1,115,10.0,0.9777318403558315,0.9606594928005521
HD 9407,RUN1,115,30.0,0.931669199766938,0.8911075218255526
HD 9407,RUN1,115,100.0,0.9244755371641173,0.8671391896089399
HD 9407,RUN1,115,300.0,0.7955446819937965,0.7769750177051642
HD 9407,RUN1,115,500.0,0.9462080374727545,0.8686709409076657
HD 9407,RUN2,79,5.0,0.8825558280969932,0.8640559066741588
HD 9407,RUN2,79,10.0,0.9527707408779431,0.949926470390154
HD 9407,RUN2,79,30.0,0.9495139396415762,0.9392292625676613
HD 9407,RUN2,79,100.0,0.9422047954943031,0.8552276383830999
HD 9407,RUN2,79,300.0,0.7946834743699018,0.7526794397244144
HD 9407,RUN2,79,500.0,0.6574409055624997,0.11539547689962101
