target,model,run,jitter_mps
HD 10476,baseline,all,1.7505656792900834
HD 10476,era,RUN1,1.1689614032985607
HD 10476,era,RUN2,2.0080647391307234
HD 10476,era_activity,RUN1,1.0361421999113487
HD 10476,era_activity,RUN2,1.4007892377488576
HD 10700,baseline,all,1.2345434875806511
HD 10700,era,RUN0.5,0.10909546057011617
HD 10700,era,RUN1,0.8098821855277656
HD 10700,era,RUN2,1.0497469078716197
HD 10700,era_activity,RUN0.5,6.484498577338996e-06
HD 10700,era_activity,RUN1,0.7911576580639978
HD 10700,era_activity,RUN2,1.049344808599905
HD 10780,baseline,all,2.377028021006395
HD 10780,era,RUN1,2.0968544730497682
HD 10780,era,RUN2,2.4973797077862105
HD 10780,era_activity,RUN1,1.8516387492615742
HD 10780,era_activity,RUN2,1.9738389196756194
HD 110897,baseline,all,1.8135057027470796
HD 110897,era,RUN1,1.3859578746254158
HD 110897,era,RUN2,1.9439656769287463
HD 110897,era_activity,RUN1,0.8730360515067325
HD 110897,era_activity,RUN2,1.2172388998880468
HD 115617,baseline,all,3.5216379283199317
HD 115617,era,RUN0.5,1.4208117162700447
HD 115617,era,RUN1,3.6027173951446905
HD 115617,era,RUN2,3.559271239093753
HD 115617,era_activity,RUN0.5,1.4310624197485016
HD 115617,era_activity,RUN1,3.579325537104136
HD 115617,era_activity,RUN2,3.5626202487290786
HD 116442,baseline,all,0.5825693221872797
HD 116442,era,RUN1,0.629623878159206
HD 116442,era,RUN2,0.4533839065957494
HD 116442,era_activity,RUN1,0.6263344618888089
HD 116442,era_activity,RUN2,0.45226922080289633
HD 126053,baseline,all,1.4515419959320464
HD 126053,era,RUN1,1.3930990862753947
HD 126053,era,RUN2,1.3390642925767917
HD 126053,era_activity,RUN1,1.077163924184447
HD 126053,era_activity,RUN2,1.3113332863273153
HD 127334,baseline,all,1.0895563607004015
HD 127334,era,RUN0.5,0.8765792511339452
HD 127334,era,RUN1,1.1006063795830678
HD 127334,era,RUN2,0.9331368499620147
HD 127334,era_activity,RUN0.5,0.8861392040902207
HD 127334,era_activity,RUN1,1.1079422180570189
HD 127334,era_activity,RUN2,0.9254802827326137
HD 143761,baseline,all,47.90650622817119
HD 143761,era,RUN0.5,47.048532715386706
HD 143761,era,RUN1,47.86595372012788
HD 143761,era,RUN2,46.606656498956944
HD 143761,era_activity,RUN0.5,47.13801406342713
HD 143761,era_activity,RUN1,47.70616595043017
HD 143761,era_activity,RUN2,46.65872389315544
HD 146233,baseline,all,2.9501872056543177
HD 146233,era,RUN1,1.9356554717518428
HD 146233,era,RUN2,2.1237460996639594
HD 146233,era_activity,RUN1,1.5058096815586561
HD 146233,era_activity,RUN2,1.6582513246110324
HD 154345,baseline,all,6.340673389366465
HD 154345,era,RUN1,2.7435948445834866
HD 154345,era,RUN2,3.5841717130459827
HD 154345,era_activity,RUN1,2.8828790832050877
HD 154345,era_activity,RUN2,3.508351927920487
HD 157214,baseline,all,1.160779660996164
HD 157214,era,RUN0.5,0.0
HD 157214,era,RUN1,0.9955783465689668
HD 157214,era,RUN2,0.9886339316026477
HD 157214,era_activity,RUN0.5,0.0
HD 157214,era_activity,RUN1,0.972147767778118
HD 157214,era_activity,RUN2,0.9811710729467255
HD 166620,baseline,all,0.8747014306966978
HD 166620,era,RUN0.5,0.564883358851897
HD 166620,era,RUN1,0.7318518234813917
HD 166620,era,RUN2,0.8364661017045977
HD 166620,era_activity,RUN0.5,0.5598512872095678
HD 166620,era_activity,RUN1,0.7291736743248456
HD 166620,era_activity,RUN2,0.7919712279427733
HD 168009,baseline,all,3.2971182383571076
HD 168009,era,RUN1,2.6688005447670653
HD 168009,era,RUN2,3.1840558698834593
HD 168009,era_activity,RUN1,2.3691216492696467
HD 168009,era_activity,RUN2,2.898739631322269
HD 170657,baseline,all,3.0651077549792243
HD 170657,era,RUN0.5,0.8056144939689199
HD 170657,era,RUN1,2.7434454981647183
HD 170657,era,RUN2,3.1823385804043185
HD 170657,era_activity,RUN0.5,1.3037487074889458
HD 170657,era_activity,RUN1,3.4754575762144233
HD 170657,era_activity,RUN2,2.352854062420914
HD 172051,baseline,all,1.1305641235017814
HD 172051,era,RUN1,1.1763855912006331
HD 172051,era,RUN2,0.9533567845354155
HD 172051,era_activity,RUN1,1.125641802738476
HD 172051,era_activity,RUN2,0.881964163908464
HD 179957,baseline,all,2.6651057313114928
HD 179957,era,RUN1,1.1164480072524021
HD 179957,era,RUN2,1.7561369255152857
HD 179957,era_activity,RUN1,1.1777515615872804
HD 179957,era_activity,RUN2,1.605892862092463
HD 182572,baseline,all,2.3722668913369183
HD 182572,era,RUN1,2.092647052550551
HD 182572,era,RUN2,1.9709690564643518
HD 182572,era_activity,RUN1,1.4806620797970573
HD 182572,era_activity,RUN2,1.8223611935543094
HD 185144,baseline,all,0.9989272851727494
HD 185144,era,RUN0.5,0.6451176731984565
HD 185144,era,RUN1,0.8831061026378981
HD 185144,era,RUN2,0.5382672124183716
HD 185144,era_activity,RUN0.5,0.6367417400095028
HD 185144,era_activity,RUN1,0.8890975017686495
HD 185144,era_activity,RUN2,0.5353634168199836
HD 186408,baseline,all,3.518141731842122
HD 186408,era,RUN1,2.6583815701235287
HD 186408,era,RUN2,2.17968999839597
HD 186408,era_activity,RUN1,2.323877452713616
HD 186408,era_activity,RUN2,1.7746386926664925
HD 186427,baseline,all,32.1329468068942
HD 186427,era,RUN1,6.005139698039951
HD 186427,era,RUN2,36.144375775152895
HD 186427,era_activity,RUN1,13.37401801255078
HD 186427,era_activity,RUN2,30.28581918835271
HD 187923,baseline,all,1.594476924148758
HD 187923,era,RUN1,1.8523650220929122
HD 187923,era,RUN2,1.501698562135552
HD 187923,era_activity,RUN1,1.8090661741362033
HD 187923,era_activity,RUN2,1.5112808343949333
HD 190360,baseline,all,16.239284896853004
HD 190360,era,RUN0.5,4.558789069899807
HD 190360,era,RUN1,5.840018584383912
HD 190360,era,RUN2,4.414086289579791
HD 190360,era_activity,RUN0.5,5.922710142793529
HD 190360,era_activity,RUN1,5.490464334879704
HD 190360,era_activity,RUN2,3.824496412403184
HD 19373,baseline,all,1.7044547737066509
HD 19373,era,RUN1,1.694447142395929
HD 19373,era,RUN2,1.7031202111602526
HD 19373,era_activity,RUN1,1.667220761172921
HD 19373,era_activity,RUN2,1.714681877182392
HD 201091,baseline,all,4.076270946427446
HD 201091,era,RUN0.5,1.9179718541719752
HD 201091,era,RUN1,2.4664458540979073
HD 201091,era,RUN2,2.2780425846299948
HD 201091,era_activity,RUN0.5,1.6689979553781222
HD 201091,era_activity,RUN1,2.390666899283886
HD 201091,era_activity,RUN2,2.3921502210084835
HD 217107,baseline,all,94.9559051677372
HD 217107,era,RUN1,93.96681933033327
HD 217107,era,RUN2,90.17280229454957
HD 217107,era_activity,RUN1,94.66204536215206
HD 217107,era_activity,RUN2,87.78915401375836
HD 221354,baseline,all,1.3142285701563852
HD 221354,era,RUN0.5,6.050824108183847e-06
HD 221354,era,RUN1,0.9979699570815763
HD 221354,era,RUN2,1.1457832062742006
HD 221354,era_activity,RUN0.5,6.0681384786572455e-06
HD 221354,era_activity,RUN1,0.980570356249769
HD 221354,era_activity,RUN2,1.134459857576071
HD 24496 A,baseline,all,6.124277915476863
HD 24496 A,era,RUN1,1.2976437020101212
HD 24496 A,era,RUN2,5.038823686550687
HD 24496 A,era_activity,RUN1,1.0904756012083912
HD 24496 A,era_activity,RUN2,4.649276138783346
HD 26965,baseline,all,2.7089766172821674
HD 26965,era,RUN1,2.555000156373561
HD 26965,era,RUN2,2.3382064225257766
HD 26965,era_activity,RUN1,1.8320777650395
HD 26965,era_activity,RUN2,1.711053349327616
HD 34411,baseline,all,1.2951059199152875
HD 34411,era,RUN1,1.0548671059937254
HD 34411,era,RUN2,1.148363715360641
HD 34411,era_activity,RUN1,1.0759260393141772
HD 34411,era_activity,RUN2,1.075398107101631
HD 38858,baseline,all,3.1401795001190345
HD 38858,era,RUN1,2.375281041172568
HD 38858,era,RUN2,1.990081778378379
HD 38858,era_activity,RUN1,2.0735106319688423
HD 38858,era_activity,RUN2,1.552188586376073
HD 4614 A,baseline,all,4.940002963004781
HD 4614 A,era,RUN0.5,0.7082406424122412
HD 4614 A,era,RUN1,1.4978989732340626
HD 4614 A,era,RUN2,2.553872678345438
HD 4614 A,era_activity,RUN0.5,0.7567494202593346
HD 4614 A,era_activity,RUN1,1.4896041531435558
HD 4614 A,era_activity,RUN2,2.5528574683499303
HD 4628,baseline,all,2.0214290455580968
HD 4628,era,RUN1,1.1601027219087012
HD 4628,era,RUN2,1.3110809168822704
HD 4628,era_activity,RUN1,1.089933095120093
HD 4628,era_activity,RUN2,1.1606308356260193
HD 50692,baseline,all,2.331020133238898
HD 50692,era,RUN1,1.4362320277375171
HD 50692,era,RUN2,2.2878956680662603
HD 50692,era_activity,RUN1,1.5720681834515906
HD 50692,era_activity,RUN2,1.742706894307094
HD 51419,baseline,all,1.1655961216060022
HD 51419,era,RUN1,0.897180281386128
HD 51419,era,RUN2,1.0111139056919785
HD 51419,era_activity,RUN1,0.8904793439492937
HD 51419,era_activity,RUN2,0.980719446476158
HD 52711,baseline,all,1.7434397561886426
HD 52711,era,RUN1,1.0964658529861946
HD 52711,era,RUN2,1.593268372216214
HD 52711,era_activity,RUN1,1.0438530699960125
HD 52711,era_activity,RUN2,1.428049830295369
HD 55575,baseline,all,1.4821893797969767
HD 55575,era,RUN1,1.2503701171117818
HD 55575,era,RUN2,1.4690997356348952
HD 55575,era_activity,RUN1,1.2295021745246943
HD 55575,era_activity,RUN2,1.4714658595504917
HD 68017,baseline,all,11.813319908938297
HD 68017,era,RUN1,3.518927327125085
HD 68017,era,RUN2,5.488650796036413
HD 68017,era_activity,RUN1,3.397781807036509
HD 68017,era_activity,RUN2,5.490050885050324
HD 86728,baseline,all,1.8593023690159347
HD 86728,era,RUN0.5,1.1028161689894118
HD 86728,era,RUN1,1.8871668879489265
HD 86728,era,RUN2,1.751016636850699
HD 86728,era_activity,RUN0.5,1.057427146013012
HD 86728,era_activity,RUN1,1.9038801978877822
HD 86728,era_activity,RUN2,1.730872885964672
HD 9407,baseline,all,1.2175239347324625
HD 9407,era,RUN0.5,5.090997831913243e-06
HD 9407,era,RUN1,1.091437718378256
HD 9407,era,RUN2,1.025111984904966
HD 9407,era_activity,RUN0.5,5.090997831913243e-06
HD 9407,era_activity,RUN1,1.0533292192893247
HD 9407,era_activity,RUN2,1.0334644830984308
